/*******************************************************************************
 * Size: 16 px
 * Bpp: 4
 * Opts: --no-compress --no-prefilter --bpp 4 --size 16 --font Montserrat-SemiBold.ttf -r 0x20-0x7F,0xA1-0x17F,0x2022 --format lvgl -o font_ui_bold_16.c --force-fast-kern-format
 ******************************************************************************/

#ifdef LV_LVGL_H_INCLUDE_SIMPLE
#include "lvgl.h"
#else
#include "lvgl/lvgl.h"
#endif

#ifndef FONT_UI_BOLD_16
#define FONT_UI_BOLD_16 1
#endif

#if FONT_UI_BOLD_16

/*-----------------
 *    BITMAPS
 *----------------*/

/*Store the image of the glyphs*/
static LV_ATTRIBUTE_LARGE_CONST const uint8_t glyph_bitmap[] = {
    /* U+0020 " " */

    /* U+0021 "!" */
    0xe, 0xf6, 0xd, 0xf5, 0xd, 0xf4, 0xc, 0xf3,
    0xb, 0xf3, 0xa, 0xf2, 0xa, 0xf1, 0x7, 0xd0,
    0x0, 0x0, 0x4, 0x80, 0xf, 0xf6, 0xb, 0xe3,

    /* U+0022 "\"" */
    0x1f, 0x90, 0xfb, 0x1f, 0x90, 0xfa, 0xf, 0x80,
    0xfa, 0xf, 0x80, 0xe9, 0x9, 0x40, 0x95,

    /* U+0023 "#" */
    0x0, 0x7, 0xf0, 0x5, 0xf2, 0x0, 0x0, 0x9,
    0xd0, 0x7, 0xf0, 0x0, 0x0, 0xb, 0xc0, 0x8,
    0xe0, 0x0, 0x1f, 0xff, 0xff, 0xff, 0xff, 0xf0,
    0x8, 0x8f, 0xc8, 0x8e, 0xd8, 0x80, 0x0, 0xf,
    0x60, 0xe, 0x80, 0x0, 0x0, 0x2f, 0x40, 0xf,
    0x60, 0x0, 0x58, 0xaf, 0x98, 0x9f, 0xa8, 0x30,
    0xaf, 0xff, 0xff, 0xff, 0xff, 0x70, 0x0, 0x8e,
    0x0, 0x5f, 0x10, 0x0, 0x0, 0xac, 0x0, 0x7f,
    0x0, 0x0, 0x0, 0xcb, 0x0, 0x9d, 0x0, 0x0,

    /* U+0024 "$" */
    0x0, 0x0, 0x58, 0x0, 0x0, 0x0, 0x0, 0x8c,
    0x0, 0x0, 0x0, 0x6c, 0xff, 0xeb, 0x40, 0x8,
    0xff, 0xff, 0xff, 0xd0, 0xf, 0xf4, 0x8c, 0x4,
    0x50, 0x2f, 0xe0, 0x8c, 0x0, 0x0, 0xf, 0xfa,
    0xac, 0x0, 0x0, 0x6, 0xff, 0xff, 0x93, 0x0,
    0x0, 0x29, 0xef, 0xff, 0x90, 0x0, 0x0, 0x8d,
    0x8f, 0xf4, 0x0, 0x0, 0x8c, 0x9, 0xf7, 0xc,
    0x50, 0x8c, 0x1d, 0xf5, 0x4f, 0xff, 0xef, 0xff,
    0xc0, 0x4, 0xae, 0xff, 0xe8, 0x0, 0x0, 0x0,
    0x8c, 0x0, 0x0, 0x0, 0x0, 0x8c, 0x0, 0x0,

    /* U+0025 "%" */
    0x5, 0xde, 0x90, 0x0, 0x6, 0xf2, 0x0, 0x1f,
    0x74, 0xe8, 0x0, 0x1e, 0x80, 0x0, 0x6e, 0x0,
    0x8c, 0x0, 0xad, 0x0, 0x0, 0x6e, 0x0, 0x7d,
    0x4, 0xf4, 0x0, 0x0, 0x2f, 0x41, 0xc9, 0xe,
    0x90, 0x0, 0x0, 0x7, 0xff, 0xc1, 0x9e, 0x10,
    0x0, 0x0, 0x0, 0x1, 0x3, 0xf5, 0x1b, 0xec,
    0x20, 0x0, 0x0, 0xd, 0xb0, 0xcb, 0x3a, 0xd0,
    0x0, 0x0, 0x8f, 0x10, 0xf3, 0x2, 0xf2, 0x0,
    0x2, 0xf6, 0x0, 0xf3, 0x2, 0xf2, 0x0, 0xc,
    0xc0, 0x0, 0xcb, 0x3a, 0xd0, 0x0, 0x6f, 0x20,
    0x0, 0x2b, 0xfc, 0x20,

    /* U+0026 "&" */
    0x0, 0x9, 0xef, 0xc3, 0x0, 0x0, 0x0, 0xaf,
    0xb8, 0xee, 0x0, 0x0, 0x0, 0xfe, 0x0, 0x8f,
    0x30, 0x0, 0x0, 0xef, 0x11, 0xdf, 0x10, 0x0,
    0x0, 0x6f, 0xde, 0xf6, 0x0, 0x0, 0x0, 0x2f,
    0xff, 0x40, 0x0, 0x0, 0x4, 0xfe, 0xbf, 0xc1,
    0x2c, 0x40, 0x1f, 0xe2, 0x9, 0xfc, 0x8f, 0x50,
    0x4f, 0xa0, 0x0, 0x9f, 0xfe, 0x0, 0x3f, 0xe1,
    0x0, 0x2e, 0xfd, 0x0, 0xb, 0xff, 0xcc, 0xff,
    0xcf, 0xb0, 0x0, 0x8d, 0xfe, 0xb4, 0x9, 0x50,
    0x0, 0x0, 0x0, 0x0, 0x0, 0x0,

    /* U+0027 "'" */
    0x1f, 0x91, 0xf9, 0xf, 0x80, 0xf8, 0x9, 0x40,

    /* U+0028 "(" */
    0x0, 0xee, 0x0, 0x7f, 0x70, 0xd, 0xf1, 0x2,
    0xfc, 0x0, 0x5f, 0x90, 0x8, 0xf6, 0x0, 0x9f,
    0x50, 0xa, 0xf5, 0x0, 0x9f, 0x50, 0x8, 0xf6,
    0x0, 0x5f, 0x90, 0x2, 0xfc, 0x0, 0xd, 0xf1,
    0x0, 0x7f, 0x70, 0x0, 0xee, 0x0,

    /* U+0029 ")" */
    0x6f, 0x80, 0x0, 0xef, 0x10, 0x8, 0xf6, 0x0,
    0x3f, 0xb0, 0x0, 0xfe, 0x0, 0xe, 0xf1, 0x0,
    0xcf, 0x20, 0xc, 0xf3, 0x0, 0xcf, 0x20, 0xe,
    0xf1, 0x0, 0xfe, 0x0, 0x3f, 0xb0, 0x8, 0xf6,
    0x0, 0xef, 0x10, 0x6f, 0x80, 0x0,

    /* U+002A "*" */
    0x0, 0x4e, 0x0, 0x6, 0x95, 0xe3, 0xc1, 0x4d,
    0xff, 0xfa, 0x10, 0x7f, 0xfe, 0x40, 0x8e, 0xaf,
    0x9f, 0x31, 0x14, 0xe0, 0x20, 0x0, 0x15, 0x0,
    0x0,

    /* U+002B "+" */
    0x0, 0x18, 0x40, 0x0, 0x0, 0x2f, 0x90, 0x0,
    0x0, 0x2f, 0x90, 0x0, 0xaa, 0xbf, 0xda, 0xa4,
    0xff, 0xff, 0xff, 0xf6, 0x0, 0x2f, 0x90, 0x0,
    0x0, 0x2f, 0x90, 0x0, 0x0, 0x2f, 0x90, 0x0,

    /* U+002C "," */
    0x1, 0x0, 0x2f, 0xe1, 0x3f, 0xf3, 0xb, 0xe0,
    0xd, 0x90, 0x1f, 0x40,

    /* U+002D "-" */
    0x1b, 0xbb, 0xb3, 0x2f, 0xff, 0xf4,

    /* U+002E "." */
    0xa, 0x90, 0x5f, 0xf3, 0x1d, 0xd0,

    /* U+002F "/" */
    0x0, 0x0, 0x2, 0x84, 0x0, 0x0, 0x8, 0xf4,
    0x0, 0x0, 0xe, 0xe0, 0x0, 0x0, 0x3f, 0x90,
    0x0, 0x0, 0x9f, 0x30, 0x0, 0x0, 0xee, 0x0,
    0x0, 0x3, 0xf8, 0x0, 0x0, 0x9, 0xf3, 0x0,
    0x0, 0xe, 0xd0, 0x0, 0x0, 0x4f, 0x80, 0x0,
    0x0, 0x9f, 0x20, 0x0, 0x0, 0xed, 0x0, 0x0,
    0x4, 0xf8, 0x0, 0x0, 0xa, 0xf2, 0x0, 0x0,
    0xf, 0xd0, 0x0, 0x0, 0x5f, 0x70, 0x0, 0x0,

    /* U+0030 "0" */
    0x0, 0x8, 0xdf, 0xd6, 0x0, 0x0, 0xc, 0xff,
    0xff, 0xf9, 0x0, 0x8, 0xfd, 0x20, 0x4e, 0xf4,
    0x0, 0xef, 0x30, 0x0, 0x7f, 0xa0, 0x2f, 0xe0,
    0x0, 0x2, 0xfe, 0x4, 0xfd, 0x0, 0x0, 0xf,
    0xf0, 0x4f, 0xd0, 0x0, 0x0, 0xff, 0x2, 0xfe,
    0x0, 0x0, 0x2f, 0xe0, 0xe, 0xf3, 0x0, 0x7,
    0xfa, 0x0, 0x8f, 0xd2, 0x4, 0xff, 0x40, 0x0,
    0xcf, 0xff, 0xff, 0x90, 0x0, 0x0, 0x8e, 0xfd,
    0x60, 0x0,

    /* U+0031 "1" */
    0xef, 0xff, 0x9b, 0xde, 0xf9, 0x0, 0x8f, 0x90,
    0x8, 0xf9, 0x0, 0x8f, 0x90, 0x8, 0xf9, 0x0,
    0x8f, 0x90, 0x8, 0xf9, 0x0, 0x8f, 0x90, 0x8,
    0xf9, 0x0, 0x8f, 0x90, 0x8, 0xf9,

    /* U+0032 "2" */
    0x3, 0xae, 0xfd, 0x80, 0x7, 0xff, 0xfe, 0xff,
    0xc0, 0x4e, 0x50, 0x3, 0xff, 0x30, 0x0, 0x0,
    0xc, 0xf5, 0x0, 0x0, 0x0, 0xef, 0x30, 0x0,
    0x0, 0x8f, 0xd0, 0x0, 0x0, 0x6f, 0xf2, 0x0,
    0x0, 0x6f, 0xf3, 0x0, 0x0, 0x6f, 0xf3, 0x0,
    0x0, 0x6f, 0xf3, 0x0, 0x0, 0x4f, 0xfe, 0xdd,
    0xdd, 0xa7, 0xff, 0xff, 0xff, 0xfd,

    /* U+0033 "3" */
    0x7f, 0xff, 0xff, 0xff, 0x35, 0xdd, 0xdd, 0xef,
    0xf1, 0x0, 0x0, 0xd, 0xf5, 0x0, 0x0, 0xa,
    0xf9, 0x0, 0x0, 0x7, 0xfc, 0x0, 0x0, 0x0,
    0xef, 0xfd, 0x40, 0x0, 0x7, 0x9c, 0xff, 0x20,
    0x0, 0x0, 0xb, 0xf8, 0x0, 0x0, 0x0, 0x7f,
    0x96, 0xa2, 0x0, 0x2e, 0xf6, 0xcf, 0xff, 0xef,
    0xfd, 0x1, 0x7c, 0xff, 0xd8, 0x0,

    /* U+0034 "4" */
    0x0, 0x0, 0x4, 0xfd, 0x0, 0x0, 0x0, 0x1,
    0xef, 0x30, 0x0, 0x0, 0x0, 0xcf, 0x70, 0x0,
    0x0, 0x0, 0x8f, 0xb0, 0x0, 0x0, 0x0, 0x4f,
    0xe1, 0x2, 0x10, 0x0, 0x1e, 0xf4, 0x4, 0xfb,
    0x0, 0xb, 0xf9, 0x0, 0x4f, 0xb0, 0x5, 0xff,
    0xdd, 0xdd, 0xff, 0xd9, 0x7f, 0xff, 0xff, 0xff,
    0xff, 0xb0, 0x0, 0x0, 0x5, 0xfb, 0x0, 0x0,
    0x0, 0x0, 0x5f, 0xb0, 0x0, 0x0, 0x0, 0x5,
    0xfb, 0x0,

    /* U+0035 "5" */
    0x6, 0xff, 0xff, 0xff, 0x30, 0x8f, 0xed, 0xdd,
    0xd2, 0x9, 0xf5, 0x0, 0x0, 0x0, 0xaf, 0x30,
    0x0, 0x0, 0xc, 0xf2, 0x0, 0x0, 0x0, 0xdf,
    0xff, 0xea, 0x30, 0xc, 0xdd, 0xef, 0xff, 0x30,
    0x0, 0x0, 0x1b, 0xfb, 0x0, 0x0, 0x0, 0x4f,
    0xc2, 0xb3, 0x0, 0x1b, 0xfa, 0x9f, 0xff, 0xef,
    0xff, 0x20, 0x6b, 0xef, 0xea, 0x20,

    /* U+0036 "6" */
    0x0, 0x5, 0xbe, 0xfd, 0x80, 0x0, 0x9f, 0xfe,
    0xdf, 0xc0, 0x6, 0xfe, 0x40, 0x0, 0x10, 0xd,
    0xf4, 0x0, 0x0, 0x0, 0x1f, 0xf1, 0x8a, 0x95,
    0x0, 0x3f, 0xef, 0xff, 0xff, 0xa0, 0x4f, 0xfd,
    0x30, 0x4e, 0xf5, 0x3f, 0xf4, 0x0, 0x8, 0xf9,
    0xf, 0xf3, 0x0, 0x7, 0xf9, 0xa, 0xfa, 0x0,
    0xd, 0xf5, 0x1, 0xef, 0xeb, 0xef, 0xc0, 0x0,
    0x19, 0xef, 0xe8, 0x0,

    /* U+0037 "7" */
    0x8f, 0xff, 0xff, 0xff, 0xf2, 0x8f, 0xed, 0xdd,
    0xef, 0xf1, 0x8f, 0x60, 0x0, 0x7f, 0xb0, 0x7e,
    0x50, 0x0, 0xef, 0x40, 0x0, 0x0, 0x4, 0xfe,
    0x0, 0x0, 0x0, 0xb, 0xf7, 0x0, 0x0, 0x0,
    0x2f, 0xf1, 0x0, 0x0, 0x0, 0x8f, 0xa0, 0x0,
    0x0, 0x0, 0xef, 0x30, 0x0, 0x0, 0x6, 0xfd,
    0x0, 0x0, 0x0, 0xc, 0xf6, 0x0, 0x0, 0x0,
    0x3f, 0xf0, 0x0, 0x0,

    /* U+0038 "8" */
    0x0, 0x4b, 0xff, 0xd8, 0x0, 0x5, 0xff, 0xcb,
    0xff, 0xc0, 0xd, 0xf6, 0x0, 0x1e, 0xf4, 0xe,
    0xf2, 0x0, 0xb, 0xf5, 0xa, 0xfa, 0x10, 0x5f,
    0xf1, 0x1, 0xdf, 0xff, 0xff, 0x50, 0x9, 0xff,
    0xa9, 0xdf, 0xe1, 0x2f, 0xf1, 0x0, 0xa, 0xf9,
    0x5f, 0xc0, 0x0, 0x5, 0xfc, 0x2f, 0xf3, 0x0,
    0xb, 0xf9, 0xa, 0xff, 0xcb, 0xef, 0xe2, 0x0,
    0x6c, 0xff, 0xd9, 0x10,

    /* U+0039 "9" */
    0x0, 0x8d, 0xfe, 0x91, 0x0, 0xb, 0xfe, 0xbe,
    0xfe, 0x10, 0x5f, 0xd1, 0x0, 0x9f, 0xa0, 0x8f,
    0x70, 0x0, 0x2f, 0xf0, 0x8f, 0x80, 0x0, 0x3f,
    0xf3, 0x4f, 0xf4, 0x3, 0xdf, 0xf4, 0xa, 0xff,
    0xff, 0xfe, 0xf4, 0x0, 0x59, 0xa8, 0x2e, 0xf2,
    0x0, 0x0, 0x0, 0x3f, 0xd0, 0x1, 0x0, 0x4,
    0xef, 0x60, 0xb, 0xfd, 0xff, 0xf9, 0x0, 0x8,
    0xdf, 0xeb, 0x50, 0x0,

    /* U+003A ":" */
    0x1d, 0xc0, 0x5f, 0xf3, 0xa, 0x90, 0x0, 0x0,
    0x0, 0x0, 0x0, 0x0, 0xa, 0x90, 0x5f, 0xf3,
    0x1d, 0xd0,

    /* U+003B ";" */
    0x1d, 0xc0, 0x5f, 0xf3, 0xa, 0x90, 0x0, 0x0,
    0x0, 0x0, 0x0, 0x0, 0x1d, 0xd0, 0x4f, 0xf3,
    0xc, 0xf0, 0xc, 0xa0, 0xf, 0x40, 0x2, 0x0,

    /* U+003C "<" */
    0x0, 0x0, 0x0, 0x54, 0x0, 0x2, 0x8e, 0xf6,
    0x5, 0xbf, 0xfc, 0x60, 0xdf, 0xe8, 0x20, 0x0,
    0xff, 0x93, 0x0, 0x0, 0x3a, 0xff, 0xd6, 0x10,
    0x0, 0x17, 0xdf, 0xf5, 0x0, 0x0, 0x4, 0xa6,
    0x0, 0x0, 0x0, 0x0,

    /* U+003D "=" */
    0xff, 0xff, 0xff, 0xf6, 0xaa, 0xaa, 0xaa, 0xa4,
    0x0, 0x0, 0x0, 0x0, 0x0, 0x0, 0x0, 0x0,
    0xff, 0xff, 0xff, 0xf6, 0xaa, 0xaa, 0xaa, 0xa4,

    /* U+003E ">" */
    0x82, 0x0, 0x0, 0x0, 0xff, 0xb5, 0x0, 0x0,
    0x39, 0xff, 0xe8, 0x10, 0x0, 0x5, 0xcf, 0xf5,
    0x0, 0x1, 0x6e, 0xf6, 0x4, 0xaf, 0xfd, 0x71,
    0xdf, 0xfa, 0x30, 0x0, 0xc7, 0x10, 0x0, 0x0,
    0x0, 0x0, 0x0, 0x0,

    /* U+003F "?" */
    0x3, 0xbe, 0xfd, 0x81, 0x7, 0xff, 0xed, 0xff,
    0xd0, 0x5d, 0x40, 0x2, 0xff, 0x30, 0x0, 0x0,
    0xd, 0xf4, 0x0, 0x0, 0x4, 0xfe, 0x0, 0x0,
    0x4, 0xff, 0x40, 0x0, 0x1, 0xef, 0x40, 0x0,
    0x0, 0x6f, 0xa0, 0x0, 0x0, 0x0, 0x0, 0x0,
    0x0, 0x0, 0x18, 0x30, 0x0, 0x0, 0xa, 0xfc,
    0x0, 0x0, 0x0, 0x5f, 0x70, 0x0,

    /* U+0040 "@" */
    0x0, 0x0, 0x18, 0xce, 0xfe, 0xb5, 0x0, 0x0,
    0x0, 0x6, 0xff, 0xa7, 0x67, 0xbf, 0xd2, 0x0,
    0x0, 0x7f, 0x90, 0x0, 0x0, 0x2, 0xcf, 0x20,
    0x3, 0xf8, 0x0, 0x58, 0x83, 0x49, 0x3d, 0xc0,
    0xb, 0xd0, 0xb, 0xff, 0xff, 0xdf, 0x52, 0xf4,
    0xf, 0x70, 0x7f, 0xc2, 0x17, 0xff, 0x50, 0xc9,
    0x3f, 0x40, 0xdf, 0x10, 0x0, 0xaf, 0x50, 0x9c,
    0x4f, 0x30, 0xfe, 0x0, 0x0, 0x7f, 0x50, 0x8d,
    0x3f, 0x40, 0xef, 0x0, 0x0, 0x8f, 0x50, 0x9b,
    0xf, 0x70, 0x9f, 0x60, 0x1, 0xef, 0x50, 0xd8,
    0xb, 0xd0, 0x2f, 0xfb, 0xae, 0xdf, 0xdb, 0xf2,
    0x3, 0xf8, 0x2, 0xbf, 0xea, 0x19, 0xfe, 0x50,
    0x0, 0x8f, 0x90, 0x0, 0x0, 0x0, 0x0, 0x0,
    0x0, 0x7, 0xff, 0xa7, 0x67, 0xb8, 0x0, 0x0,
    0x0, 0x0, 0x18, 0xce, 0xfe, 0xa4, 0x0, 0x0,

    /* U+0041 "A" */
    0x0, 0x0, 0x4, 0xff, 0x30, 0x0, 0x0, 0x0,
    0x0, 0xa, 0xff, 0xa0, 0x0, 0x0, 0x0, 0x0,
    0x1f, 0xde, 0xf1, 0x0, 0x0, 0x0, 0x0, 0x8f,
    0x67, 0xf7, 0x0, 0x0, 0x0, 0x0, 0xef, 0x1,
    0xfe, 0x0, 0x0, 0x0, 0x5, 0xf9, 0x0, 0xaf,
    0x50, 0x0, 0x0, 0xc, 0xf3, 0x0, 0x4f, 0xb0,
    0x0, 0x0, 0x3f, 0xfb, 0xbb, 0xbf, 0xf2, 0x0,
    0x0, 0x9f, 0xff, 0xff, 0xff, 0xf9, 0x0, 0x1,
    0xff, 0x0, 0x0, 0x1, 0xff, 0x0, 0x7, 0xf9,
    0x0, 0x0, 0x0, 0xaf, 0x60, 0xd, 0xf3, 0x0,
    0x0, 0x0, 0x4f, 0xd0,

    /* U+0042 "B" */
    0x8f, 0xff, 0xff, 0xeb, 0x40, 0x8, 0xfd, 0xbb,
    0xbd, 0xff, 0x50, 0x8f, 0x90, 0x0, 0x9, 0xfc,
    0x8, 0xf9, 0x0, 0x0, 0x4f, 0xd0, 0x8f, 0x90,
    0x0, 0x8, 0xfa, 0x8, 0xfd, 0xbb, 0xbd, 0xfd,
    0x10, 0x8f, 0xff, 0xff, 0xff, 0xe5, 0x8, 0xf9,
    0x0, 0x0, 0x5f, 0xf2, 0x8f, 0x90, 0x0, 0x0,
    0xbf, 0x68, 0xf9, 0x0, 0x0, 0x1e, 0xf5, 0x8f,
    0xdb, 0xbb, 0xcf, 0xfe, 0x8, 0xff, 0xff, 0xff,
    0xe9, 0x10,

    /* U+0043 "C" */
    0x0, 0x2, 0x9d, 0xfe, 0xb5, 0x0, 0x0, 0x5f,
    0xff, 0xef, 0xff, 0xa0, 0x3, 0xff, 0x91, 0x0,
    0x4e, 0x80, 0xc, 0xf9, 0x0, 0x0, 0x1, 0x0,
    0x1f, 0xf1, 0x0, 0x0, 0x0, 0x0, 0x4f, 0xd0,
    0x0, 0x0, 0x0, 0x0, 0x4f, 0xd0, 0x0, 0x0,
    0x0, 0x0, 0x1f, 0xf1, 0x0, 0x0, 0x0, 0x0,
    0xc, 0xf9, 0x0, 0x0, 0x1, 0x0, 0x3, 0xff,
    0x91, 0x0, 0x5e, 0x90, 0x0, 0x5f, 0xff, 0xff,
    0xff, 0xa0, 0x0, 0x2, 0x9e, 0xfe, 0xb5, 0x0,

    /* U+0044 "D" */
    0x8f, 0xff, 0xff, 0xea, 0x40, 0x0, 0x8f, 0xed,
    0xdd, 0xff, 0xf9, 0x0, 0x8f, 0x90, 0x0, 0x6,
    0xff, 0x70, 0x8f, 0x90, 0x0, 0x0, 0x5f, 0xf0,
    0x8f, 0x90, 0x0, 0x0, 0xd, 0xf5, 0x8f, 0x90,
    0x0, 0x0, 0xa, 0xf7, 0x8f, 0x90, 0x0, 0x0,
    0xa, 0xf7, 0x8f, 0x90, 0x0, 0x0, 0xd, 0xf5,
    0x8f, 0x90, 0x0, 0x0, 0x4f, 0xf0, 0x8f, 0x90,
    0x0, 0x6, 0xff, 0x70, 0x8f, 0xed, 0xdd, 0xff,
    0xf9, 0x0, 0x8f, 0xff, 0xff, 0xea, 0x40, 0x0,

    /* U+0045 "E" */
    0x8f, 0xff, 0xff, 0xff, 0xb8, 0xfe, 0xdd, 0xdd,
    0xd9, 0x8f, 0x90, 0x0, 0x0, 0x8, 0xf9, 0x0,
    0x0, 0x0, 0x8f, 0x90, 0x0, 0x0, 0x8, 0xfe,
    0xcc, 0xcc, 0xc0, 0x8f, 0xff, 0xff, 0xff, 0x8,
    0xf9, 0x0, 0x0, 0x0, 0x8f, 0x90, 0x0, 0x0,
    0x8, 0xf9, 0x0, 0x0, 0x0, 0x8f, 0xed, 0xdd,
    0xdd, 0xb8, 0xff, 0xff, 0xff, 0xfe,

    /* U+0046 "F" */
    0x8f, 0xff, 0xff, 0xff, 0xb8, 0xfe, 0xdd, 0xdd,
    0xd9, 0x8f, 0x90, 0x0, 0x0, 0x8, 0xf9, 0x0,
    0x0, 0x0, 0x8f, 0x90, 0x0, 0x0, 0x8, 0xf9,
    0x0, 0x0, 0x0, 0x8f, 0xff, 0xff, 0xff, 0x8,
    0xfe, 0xdd, 0xdd, 0xd0, 0x8f, 0x90, 0x0, 0x0,
    0x8, 0xf9, 0x0, 0x0, 0x0, 0x8f, 0x90, 0x0,
    0x0, 0x8, 0xf9, 0x0, 0x0, 0x0,

    /* U+0047 "G" */
    0x0, 0x2, 0x9d, 0xfe, 0xc6, 0x0, 0x0, 0x5f,
    0xff, 0xef, 0xff, 0xc0, 0x3, 0xff, 0xa2, 0x0,
    0x3c, 0xa0, 0xc, 0xf9, 0x0, 0x0, 0x0, 0x0,
    0x1f, 0xf1, 0x0, 0x0, 0x0, 0x0, 0x4f, 0xd0,
    0x0, 0x0, 0x1, 0x20, 0x4f, 0xd0, 0x0, 0x0,
    0xd, 0xf2, 0x1f, 0xf1, 0x0, 0x0, 0xd, 0xf2,
    0xc, 0xf9, 0x0, 0x0, 0xd, 0xf2, 0x3, 0xff,
    0xa2, 0x0, 0x3e, 0xf2, 0x0, 0x5f, 0xff, 0xff,
    0xff, 0xe1, 0x0, 0x2, 0x9d, 0xff, 0xc7, 0x0,

    /* U+0048 "H" */
    0x8f, 0x90, 0x0, 0x0, 0xaf, 0x78, 0xf9, 0x0,
    0x0, 0xa, 0xf7, 0x8f, 0x90, 0x0, 0x0, 0xaf,
    0x78, 0xf9, 0x0, 0x0, 0xa, 0xf7, 0x8f, 0x90,
    0x0, 0x0, 0xaf, 0x78, 0xfe, 0xdd, 0xdd, 0xdf,
    0xf7, 0x8f, 0xff, 0xff, 0xff, 0xff, 0x78, 0xf9,
    0x0, 0x0, 0xa, 0xf7, 0x8f, 0x90, 0x0, 0x0,
    0xaf, 0x78, 0xf9, 0x0, 0x0, 0xa, 0xf7, 0x8f,
    0x90, 0x0, 0x0, 0xaf, 0x78, 0xf9, 0x0, 0x0,
    0xa, 0xf7,

    /* U+0049 "I" */
    0x8f, 0x98, 0xf9, 0x8f, 0x98, 0xf9, 0x8f, 0x98,
    0xf9, 0x8f, 0x98, 0xf9, 0x8f, 0x98, 0xf9, 0x8f,
    0x98, 0xf9,

    /* U+004A "J" */
    0x0, 0xff, 0xff, 0xff, 0x0, 0xd, 0xdd, 0xdf,
    0xf0, 0x0, 0x0, 0x1, 0xff, 0x0, 0x0, 0x0,
    0x1f, 0xf0, 0x0, 0x0, 0x1, 0xff, 0x0, 0x0,
    0x0, 0x1f, 0xf0, 0x0, 0x0, 0x1, 0xff, 0x0,
    0x0, 0x0, 0x1f, 0xf0, 0x0, 0x0, 0x1, 0xff,
    0x0, 0x99, 0x0, 0x8f, 0xd0, 0xe, 0xff, 0xef,
    0xf6, 0x0, 0x1a, 0xef, 0xd6, 0x0,

    /* U+004B "K" */
    0x8f, 0x90, 0x0, 0x5, 0xfe, 0x18, 0xf9, 0x0,
    0x4, 0xff, 0x30, 0x8f, 0x90, 0x2, 0xff, 0x40,
    0x8, 0xf9, 0x2, 0xef, 0x60, 0x0, 0x8f, 0x91,
    0xdf, 0x80, 0x0, 0x8, 0xf9, 0xcf, 0xe0, 0x0,
    0x0, 0x8f, 0xff, 0xff, 0x90, 0x0, 0x8, 0xff,
    0xd5, 0xff, 0x50, 0x0, 0x8f, 0xe1, 0x7, 0xff,
    0x20, 0x8, 0xf9, 0x0, 0xa, 0xfd, 0x0, 0x8f,
    0x90, 0x0, 0xd, 0xf9, 0x8, 0xf9, 0x0, 0x0,
    0x2f, 0xf5,

    /* U+004C "L" */
    0x8f, 0x90, 0x0, 0x0, 0x8, 0xf9, 0x0, 0x0,
    0x0, 0x8f, 0x90, 0x0, 0x0, 0x8, 0xf9, 0x0,
    0x0, 0x0, 0x8f, 0x90, 0x0, 0x0, 0x8, 0xf9,
    0x0, 0x0, 0x0, 0x8f, 0x90, 0x0, 0x0, 0x8,
    0xf9, 0x0, 0x0, 0x0, 0x8f, 0x90, 0x0, 0x0,
    0x8, 0xf9, 0x0, 0x0, 0x0, 0x8f, 0xed, 0xdd,
    0xdd, 0x58, 0xff, 0xff, 0xff, 0xf7,

    /* U+004D "M" */
    0x8f, 0x70, 0x0, 0x0, 0x0, 0x3f, 0xb8, 0xff,
    0x10, 0x0, 0x0, 0xc, 0xfc, 0x8f, 0xf9, 0x0,
    0x0, 0x5, 0xff, 0xc8, 0xff, 0xf2, 0x0, 0x0,
    0xdf, 0xfc, 0x8f, 0xcf, 0xb0, 0x0, 0x7f, 0xcf,
    0xc8, 0xf7, 0xcf, 0x40, 0x1e, 0xe4, 0xfc, 0x8f,
    0x73, 0xfd, 0x8, 0xf6, 0x3f, 0xc8, 0xf7, 0x9,
    0xf8, 0xfd, 0x3, 0xfc, 0x8f, 0x70, 0x1f, 0xff,
    0x40, 0x3f, 0xc8, 0xf7, 0x0, 0x7f, 0xb0, 0x3,
    0xfc, 0x8f, 0x70, 0x0, 0x92, 0x0, 0x3f, 0xc8,
    0xf7, 0x0, 0x0, 0x0, 0x3, 0xfc,

    /* U+004E "N" */
    0x8f, 0x90, 0x0, 0x0, 0x9f, 0x78, 0xff, 0x50,
    0x0, 0x9, 0xf7, 0x8f, 0xff, 0x20, 0x0, 0x9f,
    0x78, 0xff, 0xfd, 0x0, 0x9, 0xf7, 0x8f, 0xae,
    0xfa, 0x0, 0x9f, 0x78, 0xf9, 0x3f, 0xf6, 0x9,
    0xf7, 0x8f, 0x90, 0x7f, 0xf3, 0x9f, 0x78, 0xf9,
    0x0, 0xaf, 0xda, 0xf7, 0x8f, 0x90, 0x0, 0xdf,
    0xff, 0x78, 0xf9, 0x0, 0x3, 0xff, 0xf7, 0x8f,
    0x90, 0x0, 0x6, 0xff, 0x78, 0xf9, 0x0, 0x0,
    0xa, 0xf7,

    /* U+004F "O" */
    0x0, 0x2, 0x9d, 0xfe, 0xb5, 0x0, 0x0, 0x5,
    0xff, 0xfe, 0xff, 0xfb, 0x0, 0x3, 0xff, 0x91,
    0x0, 0x5e, 0xfa, 0x0, 0xcf, 0x90, 0x0, 0x0,
    0x2f, 0xf3, 0x1f, 0xf1, 0x0, 0x0, 0x0, 0x9f,
    0x94, 0xfd, 0x0, 0x0, 0x0, 0x6, 0xfb, 0x4f,
    0xd0, 0x0, 0x0, 0x0, 0x6f, 0xb1, 0xff, 0x10,
    0x0, 0x0, 0x9, 0xf9, 0xc, 0xf9, 0x0, 0x0,
    0x2, 0xff, 0x30, 0x3f, 0xf9, 0x10, 0x5, 0xef,
    0xa0, 0x0, 0x5f, 0xff, 0xff, 0xff, 0xb0, 0x0,
    0x0, 0x29, 0xdf, 0xeb, 0x50, 0x0,

    /* U+0050 "P" */
    0x8f, 0xff, 0xff, 0xd7, 0x0, 0x8f, 0xed, 0xde,
    0xff, 0xc0, 0x8f, 0x90, 0x0, 0x3e, 0xf7, 0x8f,
    0x90, 0x0, 0x6, 0xfc, 0x8f, 0x90, 0x0, 0x4,
    0xfd, 0x8f, 0x90, 0x0, 0x7, 0xfb, 0x8f, 0x90,
    0x1, 0x5f, 0xf6, 0x8f, 0xff, 0xff, 0xff, 0xa0,
    0x8f, 0xed, 0xdc, 0xa5, 0x0, 0x8f, 0x90, 0x0,
    0x0, 0x0, 0x8f, 0x90, 0x0, 0x0, 0x0, 0x8f,
    0x90, 0x0, 0x0, 0x0,

    /* U+0051 "Q" */
    0x0, 0x2, 0x9d, 0xfe, 0xb5, 0x0, 0x0, 0x0,
    0x5f, 0xff, 0xef, 0xff, 0xb0, 0x0, 0x3, 0xff,
    0x91, 0x0, 0x5e, 0xfa, 0x0, 0xc, 0xfa, 0x0,
    0x0, 0x3, 0xff, 0x30, 0x1f, 0xf1, 0x0, 0x0,
    0x0, 0xaf, 0x80, 0x3f, 0xd0, 0x0, 0x0, 0x0,
    0x6f, 0xb0, 0x4f, 0xd0, 0x0, 0x0, 0x0, 0x5f,
    0xb0, 0x2f, 0xf0, 0x0, 0x0, 0x0, 0x9f, 0x90,
    0xd, 0xf7, 0x0, 0x0, 0x1, 0xef, 0x40, 0x4,
    0xff, 0x60, 0x0, 0x2c, 0xfc, 0x0, 0x0, 0x7f,
    0xfe, 0xbc, 0xff, 0xe1, 0x0, 0x0, 0x4, 0xcf,
    0xff, 0xf9, 0x10, 0x0, 0x0, 0x0, 0x1, 0x9f,
    0xe4, 0x5, 0xa0, 0x0, 0x0, 0x0, 0x8, 0xff,
    0xff, 0xe1, 0x0, 0x0, 0x0, 0x0, 0x37, 0x97,
    0x10,

    /* U+0052 "R" */
    0x8f, 0xff, 0xff, 0xd8, 0x0, 0x8, 0xfe, 0xdd,
    0xef, 0xfd, 0x0, 0x8f, 0x90, 0x0, 0x3e, 0xf7,
    0x8, 0xf9, 0x0, 0x0, 0x6f, 0xc0, 0x8f, 0x90,
    0x0, 0x4, 0xfd, 0x8, 0xf9, 0x0, 0x0, 0x7f,
    0xb0, 0x8f, 0x90, 0x1, 0x5f, 0xf6, 0x8, 0xff,
    0xff, 0xff, 0xfa, 0x0, 0x8f, 0xec, 0xcd, 0xfb,
    0x0, 0x8, 0xf9, 0x0, 0xe, 0xf4, 0x0, 0x8f,
    0x90, 0x0, 0x3f, 0xe1, 0x8, 0xf9, 0x0, 0x0,
    0x8f, 0xb0,

    /* U+0053 "S" */
    0x0, 0x5b, 0xef, 0xea, 0x30, 0x7, 0xff, 0xed,
    0xff, 0xd0, 0xf, 0xf4, 0x0, 0x5, 0x50, 0x2f,
    0xe0, 0x0, 0x0, 0x0, 0xf, 0xfa, 0x20, 0x0,
    0x0, 0x5, 0xff, 0xfe, 0x93, 0x0, 0x0, 0x29,
    0xdf, 0xff, 0x90, 0x0, 0x0, 0x2, 0x8f, 0xf5,
    0x0, 0x0, 0x0, 0x9, 0xf7, 0xc, 0x50, 0x0,
    0x1d, 0xf5, 0x4f, 0xff, 0xdd, 0xff, 0xc0, 0x3,
    0x9d, 0xff, 0xd7, 0x0,

    /* U+0054 "T" */
    0xff, 0xff, 0xff, 0xff, 0xf9, 0xcd, 0xde, 0xff,
    0xdd, 0xd7, 0x0, 0x3, 0xfd, 0x0, 0x0, 0x0,
    0x3, 0xfd, 0x0, 0x0, 0x0, 0x3, 0xfd, 0x0,
    0x0, 0x0, 0x3, 0xfd, 0x0, 0x0, 0x0, 0x3,
    0xfd, 0x0, 0x0, 0x0, 0x3, 0xfd, 0x0, 0x0,
    0x0, 0x3, 0xfd, 0x0, 0x0, 0x0, 0x3, 0xfd,
    0x0, 0x0, 0x0, 0x3, 0xfd, 0x0, 0x0, 0x0,
    0x3, 0xfd, 0x0, 0x0,

    /* U+0055 "U" */
    0x9f, 0x70, 0x0, 0x0, 0xdf, 0x39, 0xf7, 0x0,
    0x0, 0xd, 0xf3, 0x9f, 0x70, 0x0, 0x0, 0xdf,
    0x39, 0xf7, 0x0, 0x0, 0xd, 0xf3, 0x9f, 0x70,
    0x0, 0x0, 0xdf, 0x39, 0xf7, 0x0, 0x0, 0xd,
    0xf3, 0x9f, 0x70, 0x0, 0x0, 0xdf, 0x38, 0xf9,
    0x0, 0x0, 0xe, 0xf2, 0x6f, 0xd0, 0x0, 0x2,
    0xff, 0x1, 0xff, 0x90, 0x2, 0xcf, 0xa0, 0x6,
    0xff, 0xff, 0xff, 0xe1, 0x0, 0x4, 0xbe, 0xfe,
    0x91, 0x0,

    /* U+0056 "V" */
    0xd, 0xf5, 0x0, 0x0, 0x0, 0x8f, 0x80, 0x7f,
    0xc0, 0x0, 0x0, 0xe, 0xf2, 0x1, 0xff, 0x20,
    0x0, 0x5, 0xfb, 0x0, 0xa, 0xf9, 0x0, 0x0,
    0xcf, 0x50, 0x0, 0x3f, 0xf0, 0x0, 0x2f, 0xe0,
    0x0, 0x0, 0xdf, 0x60, 0x9, 0xf8, 0x0, 0x0,
    0x6, 0xfc, 0x0, 0xff, 0x10, 0x0, 0x0, 0x1f,
    0xf3, 0x6f, 0xb0, 0x0, 0x0, 0x0, 0x9f, 0x9c,
    0xf4, 0x0, 0x0, 0x0, 0x3, 0xff, 0xfd, 0x0,
    0x0, 0x0, 0x0, 0xc, 0xff, 0x70, 0x0, 0x0,
    0x0, 0x0, 0x6f, 0xf1, 0x0, 0x0,

    /* U+0057 "W" */
    0x6f, 0xb0, 0x0, 0x0, 0xef, 0x50, 0x0, 0x4,
    0xfb, 0x1f, 0xf1, 0x0, 0x3, 0xff, 0xa0, 0x0,
    0x9, 0xf6, 0xc, 0xf5, 0x0, 0x8, 0xff, 0xf0,
    0x0, 0xe, 0xf1, 0x7, 0xfa, 0x0, 0xd, 0xfc,
    0xf4, 0x0, 0x3f, 0xc0, 0x2, 0xff, 0x0, 0x2f,
    0xc6, 0xf9, 0x0, 0x8f, 0x70, 0x0, 0xdf, 0x40,
    0x7f, 0x61, 0xfe, 0x0, 0xdf, 0x20, 0x0, 0x8f,
    0x90, 0xcf, 0x10, 0xcf, 0x32, 0xfd, 0x0, 0x0,
    0x4f, 0xe1, 0xfc, 0x0, 0x7f, 0x87, 0xf8, 0x0,
    0x0, 0xe, 0xf9, 0xf7, 0x0, 0x2f, 0xdc, 0xf3,
    0x0, 0x0, 0xa, 0xff, 0xf2, 0x0, 0xd, 0xff,
    0xe0, 0x0, 0x0, 0x5, 0xff, 0xd0, 0x0, 0x8,
    0xff, 0x90, 0x0, 0x0, 0x0, 0xff, 0x80, 0x0,
    0x3, 0xff, 0x40, 0x0,

    /* U+0058 "X" */
    0x4f, 0xf1, 0x0, 0x0, 0xdf, 0x50, 0x9f, 0xb0,
    0x0, 0x9f, 0xa0, 0x0, 0xef, 0x60, 0x4f, 0xe1,
    0x0, 0x4, 0xff, 0x2d, 0xf4, 0x0, 0x0, 0x9,
    0xff, 0xfa, 0x0, 0x0, 0x0, 0xe, 0xfe, 0x0,
    0x0, 0x0, 0x2, 0xff, 0xf3, 0x0, 0x0, 0x0,
    0xcf, 0xcf, 0xd0, 0x0, 0x0, 0x7f, 0xc0, 0xcf,
    0x90, 0x0, 0x3f, 0xf2, 0x2, 0xff, 0x40, 0xd,
    0xf8, 0x0, 0x7, 0xfe, 0x8, 0xfd, 0x0, 0x0,
    0xc, 0xf9,

    /* U+0059 "Y" */
    0xd, 0xf5, 0x0, 0x0, 0x9, 0xf6, 0x4, 0xfe,
    0x0, 0x0, 0x3f, 0xd0, 0x0, 0xbf, 0x70, 0x0,
    0xbf, 0x50, 0x0, 0x2f, 0xf1, 0x5, 0xfb, 0x0,
    0x0, 0x9, 0xf9, 0xd, 0xf3, 0x0, 0x0, 0x1,
    0xff, 0x9f, 0xa0, 0x0, 0x0, 0x0, 0x7f, 0xff,
    0x10, 0x0, 0x0, 0x0, 0xe, 0xf8, 0x0, 0x0,
    0x0, 0x0, 0xc, 0xf5, 0x0, 0x0, 0x0, 0x0,
    0xc, 0xf5, 0x0, 0x0, 0x0, 0x0, 0xc, 0xf5,
    0x0, 0x0, 0x0, 0x0, 0xc, 0xf5, 0x0, 0x0,

    /* U+005A "Z" */
    0x3f, 0xff, 0xff, 0xff, 0xff, 0x3, 0xdd, 0xdd,
    0xdd, 0xff, 0xe0, 0x0, 0x0, 0x0, 0x4f, 0xf3,
    0x0, 0x0, 0x0, 0x1e, 0xf7, 0x0, 0x0, 0x0,
    0xb, 0xfb, 0x0, 0x0, 0x0, 0x8, 0xfd, 0x10,
    0x0, 0x0, 0x4, 0xff, 0x30, 0x0, 0x0, 0x1,
    0xef, 0x60, 0x0, 0x0, 0x0, 0xcf, 0xa0, 0x0,
    0x0, 0x0, 0x8f, 0xd0, 0x0, 0x0, 0x0, 0x3f,
    0xfe, 0xdd, 0xdd, 0xdd, 0x25, 0xff, 0xff, 0xff,
    0xff, 0xf3,

    /* U+005B "[" */
    0x8f, 0xff, 0x58, 0xfd, 0xa3, 0x8f, 0x80, 0x8,
    0xf8, 0x0, 0x8f, 0x80, 0x8, 0xf8, 0x0, 0x8f,
    0x80, 0x8, 0xf8, 0x0, 0x8f, 0x80, 0x8, 0xf8,
    0x0, 0x8f, 0x80, 0x8, 0xf8, 0x0, 0x8f, 0x80,
    0x8, 0xfd, 0xa3, 0x8f, 0xff, 0x50,

    /* U+005C "\\" */
    0x48, 0x10, 0x0, 0x0, 0x4f, 0x70, 0x0, 0x0,
    0xe, 0xd0, 0x0, 0x0, 0x9, 0xf2, 0x0, 0x0,
    0x4, 0xf8, 0x0, 0x0, 0x0, 0xed, 0x0, 0x0,
    0x0, 0x9f, 0x30, 0x0, 0x0, 0x4f, 0x80, 0x0,
    0x0, 0xe, 0xe0, 0x0, 0x0, 0x9, 0xf3, 0x0,
    0x0, 0x3, 0xf8, 0x0, 0x0, 0x0, 0xee, 0x0,
    0x0, 0x0, 0x8f, 0x30, 0x0, 0x0, 0x3f, 0x90,
    0x0, 0x0, 0xd, 0xe0, 0x0, 0x0, 0x8, 0xf4,

    /* U+005D "]" */
    0xbf, 0xff, 0x17, 0xaf, 0xf1, 0x0, 0xef, 0x10,
    0xe, 0xf1, 0x0, 0xef, 0x10, 0xe, 0xf1, 0x0,
    0xef, 0x10, 0xe, 0xf1, 0x0, 0xef, 0x10, 0xe,
    0xf1, 0x0, 0xef, 0x10, 0xe, 0xf1, 0x0, 0xef,
    0x17, 0xaf, 0xf1, 0xbf, 0xff, 0x10,

    /* U+005E "^" */
    0x0, 0x4f, 0xb0, 0x0, 0x0, 0xbf, 0xf2, 0x0,
    0x1, 0xf6, 0xe9, 0x0, 0x8, 0xf0, 0x8e, 0x0,
    0xe, 0x90, 0x2f, 0x60, 0x5f, 0x30, 0xc, 0xc0,
    0xbd, 0x0, 0x5, 0xf3,

    /* U+005F "_" */
    0x0, 0x0, 0x0, 0x0, 0xff, 0xff, 0xff, 0xff,
    0x33, 0x33, 0x33, 0x33,

    /* U+0060 "`" */
    0x17, 0x71, 0x0, 0x4, 0xfc, 0x0, 0x0, 0x3e,
    0xb0,

    /* U+0061 "a" */
    0x3, 0xae, 0xfd, 0x91, 0x0, 0xdf, 0xec, 0xff,
    0xd0, 0x4, 0x30, 0x1, 0xef, 0x40, 0x0, 0x1,
    0x19, 0xf7, 0x4, 0xdf, 0xff, 0xff, 0x71, 0xff,
    0x64, 0x4a, 0xf7, 0x4f, 0xb0, 0x0, 0xbf, 0x71,
    0xef, 0xa8, 0xcf, 0xf7, 0x3, 0xbf, 0xfa, 0x8f,
    0x70,

    /* U+0062 "b" */
    0xbf, 0x50, 0x0, 0x0, 0x0, 0xbf, 0x50, 0x0,
    0x0, 0x0, 0xbf, 0x50, 0x0, 0x0, 0x0, 0xbf,
    0x6a, 0xff, 0xb4, 0x0, 0xbf, 0xff, 0xde, 0xff,
    0x50, 0xbf, 0xe2, 0x0, 0x7f, 0xe0, 0xbf, 0x70,
    0x0, 0xd, 0xf4, 0xbf, 0x40, 0x0, 0xa, 0xf5,
    0xbf, 0x70, 0x0, 0xd, 0xf4, 0xbf, 0xe2, 0x0,
    0x7f, 0xe0, 0xbf, 0xff, 0xde, 0xff, 0x50, 0xbf,
    0x5a, 0xff, 0xb4, 0x0,

    /* U+0063 "c" */
    0x0, 0x3a, 0xef, 0xc6, 0x0, 0x4f, 0xfe, 0xcf,
    0xf7, 0xe, 0xf7, 0x0, 0x2c, 0x44, 0xfd, 0x0,
    0x0, 0x0, 0x5f, 0xa0, 0x0, 0x0, 0x4, 0xfd,
    0x0, 0x0, 0x0, 0xe, 0xf7, 0x0, 0x2c, 0x40,
    0x4f, 0xfe, 0xdf, 0xf7, 0x0, 0x3a, 0xef, 0xc6,
    0x0,

    /* U+0064 "d" */
    0x0, 0x0, 0x0, 0x5, 0xfb, 0x0, 0x0, 0x0,
    0x5, 0xfb, 0x0, 0x0, 0x0, 0x5, 0xfb, 0x0,
    0x4b, 0xff, 0xa6, 0xfb, 0x5, 0xff, 0xed, 0xff,
    0xfb, 0xe, 0xf7, 0x0, 0x2e, 0xfb, 0x4f, 0xc0,
    0x0, 0x7, 0xfb, 0x5f, 0xa0, 0x0, 0x4, 0xfb,
    0x4f, 0xc0, 0x0, 0x7, 0xfb, 0xe, 0xf6, 0x0,
    0x2e, 0xfb, 0x5, 0xff, 0xed, 0xff, 0xfb, 0x0,
    0x4c, 0xff, 0xa5, 0xfb,

    /* U+0065 "e" */
    0x0, 0x3b, 0xef, 0xb3, 0x0, 0x5, 0xff, 0xcc,
    0xff, 0x40, 0xe, 0xf4, 0x0, 0x4f, 0xe0, 0x4f,
    0xc1, 0x11, 0x1b, 0xf3, 0x5f, 0xff, 0xff, 0xff,
    0xf5, 0x4f, 0xd4, 0x44, 0x44, 0x41, 0xe, 0xf6,
    0x0, 0x7, 0x0, 0x4, 0xff, 0xec, 0xff, 0x80,
    0x0, 0x3a, 0xef, 0xd8, 0x0,

    /* U+0066 "f" */
    0x0, 0x5d, 0xfd, 0x30, 0x2f, 0xfb, 0xc1, 0x6,
    0xf9, 0x0, 0xd, 0xff, 0xff, 0xe0, 0x8c, 0xfd,
    0xa9, 0x0, 0x6f, 0x90, 0x0, 0x6, 0xf9, 0x0,
    0x0, 0x6f, 0x90, 0x0, 0x6, 0xf9, 0x0, 0x0,
    0x6f, 0x90, 0x0, 0x6, 0xf9, 0x0, 0x0, 0x6f,
    0x90, 0x0,

    /* U+0067 "g" */
    0x0, 0x4b, 0xff, 0xb4, 0xfc, 0x5, 0xff, 0xed,
    0xff, 0xfc, 0xe, 0xf7, 0x0, 0x2e, 0xfc, 0x4f,
    0xd0, 0x0, 0x5, 0xfc, 0x5f, 0xa0, 0x0, 0x3,
    0xfc, 0x4f, 0xd0, 0x0, 0x6, 0xfc, 0xe, 0xf7,
    0x0, 0x2e, 0xfc, 0x5, 0xff, 0xed, 0xff, 0xfc,
    0x0, 0x4b, 0xff, 0xb6, 0xfb, 0x1, 0x30, 0x0,
    0xb, 0xf7, 0xb, 0xfe, 0xdc, 0xff, 0xd0, 0x1,
    0x8d, 0xff, 0xd9, 0x10,

    /* U+0068 "h" */
    0xbf, 0x50, 0x0, 0x0, 0xb, 0xf5, 0x0, 0x0,
    0x0, 0xbf, 0x50, 0x0, 0x0, 0xb, 0xf7, 0xae,
    0xfc, 0x30, 0xbf, 0xff, 0xdf, 0xff, 0x2b, 0xfe,
    0x20, 0xc, 0xf8, 0xbf, 0x70, 0x0, 0x5f, 0xbb,
    0xf5, 0x0, 0x4, 0xfb, 0xbf, 0x50, 0x0, 0x4f,
    0xbb, 0xf5, 0x0, 0x4, 0xfb, 0xbf, 0x50, 0x0,
    0x4f, 0xbb, 0xf5, 0x0, 0x4, 0xfb,

    /* U+0069 "i" */
    0x37, 0xe, 0xf8, 0x9f, 0x40, 0x0, 0xbf, 0x5b,
    0xf5, 0xbf, 0x5b, 0xf5, 0xbf, 0x5b, 0xf5, 0xbf,
    0x5b, 0xf5, 0xbf, 0x50,

    /* U+006A "j" */
    0x0, 0x2, 0x71, 0x0, 0xc, 0xf9, 0x0, 0x8,
    0xf5, 0x0, 0x0, 0x0, 0x0, 0x9, 0xf6, 0x0,
    0x9, 0xf6, 0x0, 0x9, 0xf6, 0x0, 0x9, 0xf6,
    0x0, 0x9, 0xf6, 0x0, 0x9, 0xf6, 0x0, 0x9,
    0xf6, 0x0, 0x9, 0xf6, 0x0, 0x9, 0xf6, 0x0,
    0xb, 0xf4, 0x1d, 0xcf, 0xe1, 0x3d, 0xfc, 0x30,

    /* U+006B "k" */
    0xbf, 0x50, 0x0, 0x0, 0x0, 0xbf, 0x50, 0x0,
    0x0, 0x0, 0xbf, 0x50, 0x0, 0x0, 0x0, 0xbf,
    0x50, 0x2, 0xef, 0x60, 0xbf, 0x50, 0x2e, 0xf7,
    0x0, 0xbf, 0x52, 0xef, 0x70, 0x0, 0xbf, 0x8e,
    0xf9, 0x0, 0x0, 0xbf, 0xff, 0xfc, 0x0, 0x0,
    0xbf, 0xf7, 0xdf, 0x90, 0x0, 0xbf, 0x80, 0x3f,
    0xf5, 0x0, 0xbf, 0x50, 0x6, 0xfe, 0x20, 0xbf,
    0x50, 0x0, 0x9f, 0xc0,

    /* U+006C "l" */
    0xbf, 0x5b, 0xf5, 0xbf, 0x5b, 0xf5, 0xbf, 0x5b,
    0xf5, 0xbf, 0x5b, 0xf5, 0xbf, 0x5b, 0xf5, 0xbf,
    0x5b, 0xf5,

    /* U+006D "m" */
    0xbf, 0x6b, 0xff, 0xb2, 0x3b, 0xfe, 0xb2, 0xb,
    0xff, 0xfc, 0xef, 0xef, 0xfc, 0xef, 0xe1, 0xbf,
    0xd1, 0x1, 0xef, 0xf2, 0x0, 0xdf, 0x6b, 0xf7,
    0x0, 0x9, 0xf9, 0x0, 0x7, 0xf9, 0xbf, 0x50,
    0x0, 0x8f, 0x70, 0x0, 0x6f, 0x9b, 0xf5, 0x0,
    0x8, 0xf7, 0x0, 0x6, 0xf9, 0xbf, 0x50, 0x0,
    0x8f, 0x70, 0x0, 0x6f, 0x9b, 0xf5, 0x0, 0x8,
    0xf7, 0x0, 0x6, 0xf9, 0xbf, 0x50, 0x0, 0x8f,
    0x70, 0x0, 0x6f, 0x90,

    /* U+006E "n" */
    0xbf, 0x5a, 0xef, 0xc3, 0xb, 0xff, 0xfc, 0xef,
    0xf2, 0xbf, 0xe1, 0x0, 0xbf, 0x8b, 0xf7, 0x0,
    0x5, 0xfb, 0xbf, 0x50, 0x0, 0x4f, 0xbb, 0xf5,
    0x0, 0x4, 0xfb, 0xbf, 0x50, 0x0, 0x4f, 0xbb,
    0xf5, 0x0, 0x4, 0xfb, 0xbf, 0x50, 0x0, 0x4f,
    0xb0,

    /* U+006F "o" */
    0x0, 0x3b, 0xef, 0xc6, 0x0, 0x4, 0xff, 0xed,
    0xff, 0x90, 0xe, 0xf6, 0x0, 0x3e, 0xf4, 0x4f,
    0xc0, 0x0, 0x7, 0xf9, 0x5f, 0xa0, 0x0, 0x5,
    0xfb, 0x4f, 0xc0, 0x0, 0x7, 0xf9, 0xe, 0xf6,
    0x0, 0x3f, 0xf4, 0x4, 0xff, 0xed, 0xff, 0x90,
    0x0, 0x3b, 0xef, 0xc6, 0x0,

    /* U+0070 "p" */
    0xbf, 0x5b, 0xff, 0xb4, 0x0, 0xbf, 0xff, 0xbc,
    0xff, 0x50, 0xbf, 0xe1, 0x0, 0x6f, 0xe0, 0xbf,
    0x60, 0x0, 0xc, 0xf4, 0xbf, 0x40, 0x0, 0xa,
    0xf5, 0xbf, 0x70, 0x0, 0xd, 0xf4, 0xbf, 0xe2,
    0x0, 0x7f, 0xe0, 0xbf, 0xff, 0xde, 0xff, 0x50,
    0xbf, 0x6a, 0xff, 0xb4, 0x0, 0xbf, 0x50, 0x0,
    0x0, 0x0, 0xbf, 0x50, 0x0, 0x0, 0x0, 0xbf,
    0x50, 0x0, 0x0, 0x0,

    /* U+0071 "q" */
    0x0, 0x4b, 0xff, 0xa5, 0xfa, 0x5, 0xff, 0xed,
    0xff, 0xfa, 0xe, 0xf6, 0x0, 0x3e, 0xfa, 0x4f,
    0xc0, 0x0, 0x7, 0xfa, 0x5f, 0xa0, 0x0, 0x5,
    0xfa, 0x4f, 0xc0, 0x0, 0x7, 0xfa, 0xe, 0xf6,
    0x0, 0x3e, 0xfa, 0x5, 0xff, 0xed, 0xff, 0xfa,
    0x0, 0x4c, 0xff, 0xa6, 0xfa, 0x0, 0x0, 0x0,
    0x5, 0xfa, 0x0, 0x0, 0x0, 0x5, 0xfa, 0x0,
    0x0, 0x0, 0x5, 0xfa,

    /* U+0072 "r" */
    0xbf, 0x5a, 0xe3, 0xbf, 0xff, 0xe3, 0xbf, 0xe3,
    0x0, 0xbf, 0x80, 0x0, 0xbf, 0x50, 0x0, 0xbf,
    0x50, 0x0, 0xbf, 0x50, 0x0, 0xbf, 0x50, 0x0,
    0xbf, 0x50, 0x0,

    /* U+0073 "s" */
    0x2, 0xae, 0xfd, 0xa2, 0x1f, 0xfc, 0xbd, 0xf3,
    0x5f, 0xa0, 0x0, 0x20, 0x4f, 0xe7, 0x41, 0x0,
    0x8, 0xff, 0xff, 0xa1, 0x0, 0x4, 0x7c, 0xfa,
    0x5, 0x0, 0x3, 0xfc, 0x6f, 0xec, 0xbe, 0xf7,
    0x29, 0xdf, 0xfc, 0x60,

    /* U+0074 "t" */
    0x6, 0xf9, 0x0, 0x0, 0x6f, 0x90, 0x0, 0xdf,
    0xff, 0xfe, 0x8, 0xcf, 0xda, 0x90, 0x6, 0xf9,
    0x0, 0x0, 0x6f, 0x90, 0x0, 0x6, 0xf9, 0x0,
    0x0, 0x6f, 0x90, 0x0, 0x5, 0xfb, 0x0, 0x0,
    0x1f, 0xfc, 0xd1, 0x0, 0x5d, 0xfd, 0x30,

    /* U+0075 "u" */
    0xcf, 0x40, 0x0, 0x6f, 0x9c, 0xf4, 0x0, 0x6,
    0xf9, 0xcf, 0x40, 0x0, 0x6f, 0x9c, 0xf4, 0x0,
    0x6, 0xf9, 0xcf, 0x40, 0x0, 0x7f, 0x9b, 0xf5,
    0x0, 0x9, 0xf9, 0x9f, 0xc0, 0x3, 0xff, 0x92,
    0xff, 0xfe, 0xff, 0xf9, 0x3, 0xbe, 0xfa, 0x6f,
    0x90,

    /* U+0076 "v" */
    0xd, 0xf3, 0x0, 0x0, 0xdf, 0x10, 0x7f, 0x90,
    0x0, 0x3f, 0xb0, 0x1, 0xff, 0x0, 0xa, 0xf4,
    0x0, 0xa, 0xf6, 0x1, 0xfd, 0x0, 0x0, 0x4f,
    0xc0, 0x7f, 0x70, 0x0, 0x0, 0xdf, 0x3d, 0xf1,
    0x0, 0x0, 0x7, 0xfd, 0xfa, 0x0, 0x0, 0x0,
    0x1f, 0xff, 0x40, 0x0, 0x0, 0x0, 0xaf, 0xd0,
    0x0, 0x0,

    /* U+0077 "w" */
    0xcf, 0x10, 0x0, 0x9f, 0x60, 0x0, 0x5f, 0x76,
    0xf7, 0x0, 0xf, 0xfc, 0x0, 0xa, 0xf1, 0x1f,
    0xc0, 0x5, 0xff, 0xf1, 0x0, 0xfc, 0x0, 0xbf,
    0x20, 0xaf, 0x7f, 0x70, 0x5f, 0x60, 0x5, 0xf7,
    0x1f, 0xb0, 0xfc, 0xb, 0xf1, 0x0, 0xf, 0xd6,
    0xf6, 0xa, 0xf3, 0xfb, 0x0, 0x0, 0xaf, 0xdf,
    0x0, 0x5f, 0xdf, 0x50, 0x0, 0x5, 0xff, 0xa0,
    0x0, 0xff, 0xf0, 0x0, 0x0, 0xf, 0xf4, 0x0,
    0x9, 0xfa, 0x0, 0x0,

    /* U+0078 "x" */
    0x5f, 0xd0, 0x0, 0xaf, 0x70, 0xa, 0xf9, 0x6,
    0xfc, 0x0, 0x0, 0xdf, 0x6f, 0xe1, 0x0, 0x0,
    0x3f, 0xff, 0x50, 0x0, 0x0, 0xb, 0xfd, 0x0,
    0x0, 0x0, 0x4f, 0xff, 0x70, 0x0, 0x1, 0xef,
    0x4e, 0xf3, 0x0, 0xc, 0xf6, 0x4, 0xfd, 0x0,
    0x7f, 0xb0, 0x0, 0x9f, 0xa0,

    /* U+0079 "y" */
    0xd, 0xf3, 0x0, 0x0, 0xdf, 0x10, 0x7f, 0x90,
    0x0, 0x3f, 0xa0, 0x0, 0xff, 0x10, 0xa, 0xf3,
    0x0, 0x9, 0xf7, 0x1, 0xfd, 0x0, 0x0, 0x2f,
    0xd0, 0x8f, 0x60, 0x0, 0x0, 0xbf, 0x5e, 0xe0,
    0x0, 0x0, 0x4, 0xfe, 0xf8, 0x0, 0x0, 0x0,
    0xd, 0xff, 0x20, 0x0, 0x0, 0x0, 0x7f, 0xb0,
    0x0, 0x0, 0x10, 0xb, 0xf4, 0x0, 0x0, 0xe,
    0xdd, 0xfb, 0x0, 0x0, 0x0, 0xae, 0xea, 0x0,
    0x0, 0x0,

    /* U+007A "z" */
    0x4f, 0xff, 0xff, 0xfd, 0x3a, 0xaa, 0xaf, 0xfa,
    0x0, 0x0, 0x5f, 0xd1, 0x0, 0x2, 0xff, 0x30,
    0x0, 0xd, 0xf5, 0x0, 0x0, 0xaf, 0x90, 0x0,
    0x7, 0xfc, 0x0, 0x0, 0x3f, 0xfc, 0xaa, 0xaa,
    0x6f, 0xff, 0xff, 0xff,

    /* U+007B "{" */
    0x0, 0x2b, 0xfa, 0x0, 0xaf, 0xe6, 0x0, 0xdf,
    0x30, 0x0, 0xef, 0x20, 0x0, 0xef, 0x20, 0x0,
    0xef, 0x10, 0x1c, 0xfd, 0x0, 0x2f, 0xfa, 0x0,
    0x1, 0xff, 0x10, 0x0, 0xef, 0x20, 0x0, 0xef,
    0x20, 0x0, 0xef, 0x20, 0x0, 0xdf, 0x30, 0x0,
    0xaf, 0xe7, 0x0, 0x1b, 0xfa,

    /* U+007C "|" */
    0x8f, 0x58, 0xf5, 0x8f, 0x58, 0xf5, 0x8f, 0x58,
    0xf5, 0x8f, 0x58, 0xf5, 0x8f, 0x58, 0xf5, 0x8f,
    0x58, 0xf5, 0x8f, 0x58, 0xf5, 0x8f, 0x50,

    /* U+007D "}" */
    0xbf, 0xb1, 0x0, 0x7e, 0xf9, 0x0, 0x4, 0xfc,
    0x0, 0x3, 0xfd, 0x0, 0x3, 0xfd, 0x0, 0x2,
    0xfd, 0x0, 0x0, 0xef, 0xb0, 0x0, 0xbf, 0xf1,
    0x2, 0xfe, 0x0, 0x3, 0xfd, 0x0, 0x3, 0xfd,
    0x0, 0x3, 0xfd, 0x0, 0x4, 0xfc, 0x0, 0x8e,
    0xf8, 0x0, 0xbf, 0xa1, 0x0,

    /* U+007E "~" */
    0x3, 0xde, 0x80, 0xc, 0x80, 0xdd, 0xbf, 0xda,
    0xf4, 0x1f, 0x30, 0x4c, 0xf9, 0x0,

    /* U+00A1 "¡" */
    0xb, 0xe3, 0xf, 0xf6, 0x4, 0x70, 0x0, 0x0,
    0x9, 0xf0, 0xa, 0xf1, 0xb, 0xf2, 0xb, 0xf3,
    0xc, 0xf4, 0xd, 0xf5, 0xe, 0xf5, 0x8, 0x93,

    /* U+00A2 "¢" */
    0x0, 0x0, 0x7a, 0x0, 0x0, 0x0, 0x8, 0xc0,
    0x0, 0x0, 0x3a, 0xff, 0xd6, 0x0, 0x4f, 0xff,
    0xff, 0xf7, 0xe, 0xf7, 0x8c, 0x3c, 0x44, 0xfd,
    0x8, 0xc0, 0x0, 0x5f, 0xa0, 0x8c, 0x0, 0x4,
    0xfc, 0x8, 0xc0, 0x0, 0xf, 0xf5, 0x8c, 0x2b,
    0x30, 0x5f, 0xff, 0xff, 0xf9, 0x0, 0x4c, 0xff,
    0xe8, 0x0, 0x0, 0x8, 0xc0, 0x0, 0x0, 0x0,
    0x8c, 0x0, 0x0,

    /* U+00A3 "£" */
    0x0, 0x0, 0x5c, 0xef, 0xd8, 0x10, 0x0, 0x9f,
    0xff, 0xff, 0xf0, 0x0, 0x4f, 0xf5, 0x0, 0x26,
    0x0, 0xa, 0xf8, 0x0, 0x0, 0x0, 0x0, 0xcf,
    0x40, 0x0, 0x0, 0x0, 0x1d, 0xf4, 0x11, 0x10,
    0x0, 0x8f, 0xff, 0xff, 0xff, 0x40, 0x2, 0x4e,
    0xf7, 0x44, 0x41, 0x0, 0x0, 0xdf, 0x30, 0x0,
    0x0, 0x0, 0xd, 0xf3, 0x0, 0x0, 0x0, 0x6d,
    0xff, 0xdd, 0xdd, 0xdd, 0x8, 0xff, 0xff, 0xff,
    0xff, 0xf0,

    /* U+00A4 "¤" */
    0x6, 0x0, 0x0, 0x0, 0x6, 0x4, 0xfa, 0x17,
    0xa8, 0x28, 0xf7, 0xa, 0xff, 0xff, 0xff, 0xfc,
    0x10, 0x1f, 0xe4, 0x2, 0xdf, 0x50, 0x7, 0xf3,
    0x0, 0x1, 0xfa, 0x0, 0xaf, 0x0, 0x0, 0xb,
    0xd0, 0x8, 0xf1, 0x0, 0x0, 0xdc, 0x0, 0x3f,
    0xb0, 0x0, 0x9f, 0x60, 0x5, 0xff, 0xeb, 0xdf,
    0xf7, 0x3, 0xfe, 0x7d, 0xfd, 0x8d, 0xf6, 0x1c,
    0x30, 0x0, 0x0, 0x1c, 0x20, 0x0, 0x0, 0x0,
    0x0, 0x0,

    /* U+00A5 "¥" */
    0xd, 0xf5, 0x0, 0x0, 0x0, 0xbf, 0x60, 0x3f,
    0xe1, 0x0, 0x0, 0x5f, 0xc0, 0x0, 0x9f, 0x90,
    0x0, 0xe, 0xf2, 0x0, 0x1, 0xef, 0x30, 0x9,
    0xf8, 0x0, 0x0, 0x5, 0xfd, 0x3, 0xfd, 0x0,
    0x0, 0x0, 0xb, 0xf7, 0xcf, 0x40, 0x0, 0x0,
    0x0, 0x2f, 0xff, 0xa0, 0x0, 0x0, 0x7, 0xff,
    0xff, 0xff, 0xff, 0x0, 0x0, 0x12, 0x26, 0xfd,
    0x22, 0x20, 0x0, 0x7, 0xff, 0xff, 0xff, 0xff,
    0x0, 0x0, 0x12, 0x26, 0xfd, 0x22, 0x20, 0x0,
    0x0, 0x0, 0x4f, 0xd0, 0x0, 0x0,

    /* U+00A6 "¦" */
    0x8f, 0x58, 0xf5, 0x8f, 0x58, 0xf5, 0x8f, 0x56,
    0xd4, 0x0, 0x0, 0x0, 0x0, 0x6, 0xd4, 0x8f,
    0x58, 0xf5, 0x8f, 0x58, 0xf5, 0x8f, 0x50,

    /* U+00A7 "§" */
    0x0, 0x8d, 0xfe, 0xb4, 0xb, 0xfc, 0x9b, 0xf8,
    0x1f, 0xb0, 0x0, 0x11, 0xf, 0xe4, 0x0, 0x0,
    0x9, 0xff, 0xfa, 0x30, 0x2f, 0xd7, 0xbf, 0xf3,
    0x7f, 0x40, 0x4, 0xf9, 0x5f, 0xb3, 0x4, 0xf8,
    0xa, 0xff, 0xef, 0xe1, 0x0, 0x37, 0xcf, 0xe0,
    0x0, 0x0, 0x9, 0xf4, 0x3a, 0x30, 0x1c, 0xf3,
    0x6f, 0xff, 0xff, 0x90, 0x2, 0x79, 0x84, 0x0,

    /* U+00A8 "¨" */
    0x0, 0x0, 0x0, 0x8e, 0x16, 0xf2, 0x8e, 0x16,
    0xe2,

    /* U+00A9 "©" */
    0x0, 0x2, 0x9d, 0xed, 0x80, 0x0, 0x0, 0x5d,
    0x51, 0x1, 0x7d, 0x20, 0x3, 0xd1, 0x0, 0x10,
    0x3, 0xd0, 0xc, 0x30, 0x7e, 0xfe, 0x60, 0x87,
    0x1d, 0x6, 0xf9, 0x5a, 0xb0, 0x2d, 0x4a, 0xc,
    0xc0, 0x0, 0x0, 0xe, 0x4a, 0xc, 0xc0, 0x0,
    0x0, 0xe, 0x1d, 0x8, 0xf6, 0x27, 0x90, 0x2c,
    0xc, 0x30, 0xbf, 0xff, 0x90, 0x87, 0x3, 0xd1,
    0x2, 0x42, 0x4, 0xd0, 0x0, 0x6d, 0x51, 0x1,
    0x8d, 0x20, 0x0, 0x2, 0x9d, 0xec, 0x70, 0x0,

    /* U+00AA "ª" */
    0x1a, 0xef, 0xa0, 0x5, 0x23, 0xf7, 0x1a, 0xdd,
    0xf9, 0x6f, 0x11, 0xe9, 0x1c, 0xec, 0xd8,

    /* U+00AB "«" */
    0x0, 0x17, 0x40, 0x66, 0x0, 0xb, 0xf2, 0x6f,
    0x60, 0x6, 0xf6, 0x2f, 0xb0, 0x2, 0xfc, 0xc,
    0xf1, 0x0, 0xc, 0xe1, 0x7f, 0x50, 0x0, 0x2f,
    0xb0, 0xce, 0x10, 0x0, 0x6f, 0x62, 0xfb, 0x0,

    /* U+00AC "¬" */
    0xaa, 0xaa, 0xaa, 0xa4, 0xff, 0xff, 0xff, 0xf6,
    0x0, 0x0, 0x4, 0xf6, 0x0, 0x0, 0x4, 0xf6,
    0x0, 0x0, 0x4, 0xf6,

    /* U+00AE "®" */
    0x0, 0x2, 0x9d, 0xed, 0x80, 0x0, 0x0, 0x5d,
    0x51, 0x1, 0x7d, 0x20, 0x3, 0xd1, 0x0, 0x0,
    0x3, 0xd0, 0xc, 0x30, 0xff, 0xfd, 0x60, 0x87,
    0x1d, 0x0, 0xf7, 0x27, 0xf2, 0x2d, 0x4a, 0x0,
    0xf5, 0x4, 0xf3, 0xe, 0x4a, 0x0, 0xff, 0xff,
    0x90, 0xe, 0x1d, 0x0, 0xf7, 0x3e, 0x50, 0x2c,
    0xc, 0x30, 0xf5, 0x6, 0xe0, 0x87, 0x3, 0xd1,
    0x41, 0x0, 0x45, 0xd0, 0x0, 0x6d, 0x51, 0x1,
    0x8d, 0x20, 0x0, 0x2, 0x9d, 0xec, 0x70, 0x0,

    /* U+00AF "¯" */
    0x0, 0x0, 0x0, 0xff, 0xff, 0xf9, 0x33, 0x33,
    0x31,

    /* U+00B0 "°" */
    0x3, 0xce, 0xa1, 0x1, 0xf6, 0x2a, 0xc0, 0x5c,
    0x0, 0x1f, 0x2, 0xf3, 0x7, 0xd0, 0x5, 0xff,
    0xd3, 0x0, 0x0, 0x10, 0x0,

    /* U+00B1 "±" */
    0x0, 0x4, 0x20, 0x0, 0x0, 0x2f, 0x90, 0x0,
    0x0, 0x2f, 0x90, 0x0, 0xaa, 0xbf, 0xda, 0xa4,
    0xff, 0xff, 0xff, 0xf6, 0x0, 0x2f, 0x90, 0x0,
    0x0, 0x2f, 0x90, 0x0, 0x0, 0x2f, 0x90, 0x0,
    0x0, 0x0, 0x0, 0x0, 0xaa, 0xaa, 0xaa, 0xa4,
    0xff, 0xff, 0xff, 0xf6,

    /* U+00B2 "²" */
    0x1a, 0xef, 0xb2, 0x4, 0xc5, 0x4d, 0xb0, 0x0,
    0x0, 0xbc, 0x0, 0x0, 0x7f, 0x40, 0x0, 0x8f,
    0x50, 0x0, 0xaf, 0x62, 0x20, 0x4f, 0xff, 0xff,
    0x20,

    /* U+00B3 "³" */
    0x6f, 0xff, 0xfd, 0x0, 0x22, 0x6f, 0x50, 0x0,
    0x3f, 0x70, 0x0, 0x7, 0xef, 0x90, 0x0, 0x0,
    0x5f, 0x24, 0xa5, 0x4a, 0xf1, 0x3b, 0xef, 0xc4,
    0x0,

    /* U+00B4 "´" */
    0x0, 0x48, 0x50, 0x4f, 0xc1, 0x2f, 0xb0, 0x0,

    /* U+00B5 "µ" */
    0xbf, 0x50, 0x0, 0x5f, 0xab, 0xf5, 0x0, 0x5,
    0xfa, 0xbf, 0x50, 0x0, 0x5f, 0xab, 0xf5, 0x0,
    0x5, 0xfa, 0xbf, 0x50, 0x0, 0x5f, 0xab, 0xf6,
    0x0, 0x7, 0xfa, 0xbf, 0xc0, 0x1, 0xef, 0xab,
    0xff, 0xec, 0xff, 0xfa, 0xbf, 0xad, 0xfc, 0x6f,
    0xab, 0xf5, 0x0, 0x0, 0x0, 0xbf, 0x50, 0x0,
    0x0, 0xb, 0xf5, 0x0, 0x0, 0x0,

    /* U+00B6 "¶" */
    0x4, 0xce, 0xff, 0xff, 0xf2, 0x3f, 0xff, 0xfa,
    0x9c, 0xf2, 0x9f, 0xff, 0xf4, 0x8, 0xf2, 0xaf,
    0xff, 0xf4, 0x8, 0xf2, 0x6f, 0xff, 0xf4, 0x8,
    0xf2, 0x8, 0xff, 0xf4, 0x8, 0xf2, 0x0, 0x7,
    0xf4, 0x8, 0xf2, 0x0, 0x6, 0xf4, 0x8, 0xf2,
    0x0, 0x6, 0xf4, 0x8, 0xf2, 0x0, 0x6, 0xf4,
    0x8, 0xf2, 0x0, 0x6, 0xf4, 0x8, 0xf2, 0x0,
    0x6, 0xf4, 0x8, 0xf2, 0x0, 0x6, 0xf4, 0x8,
    0xf2, 0x0, 0x6, 0xf4, 0x8, 0xf2, 0x0, 0x0,
    0x10, 0x0, 0x10,

    /* U+00B7 "·" */
    0x7, 0xb2, 0xf, 0xf8, 0xa, 0xe4,

    /* U+00B8 "¸" */
    0x0, 0x92, 0x0, 0xf, 0xa1, 0x1, 0x1f, 0x70,
    0xef, 0xe2, 0x0, 0x10, 0x0,

    /* U+00B9 "¹" */
    0xaf, 0xf7, 0x1, 0x2f, 0x70, 0x0, 0xf7, 0x0,
    0xf, 0x70, 0x0, 0xf7, 0x1, 0x2f, 0x82, 0xcf,
    0xff, 0xf0,

    /* U+00BA "º" */
    0x6, 0xdf, 0xc3, 0x4, 0xf7, 0x3a, 0xf1, 0x8d,
    0x0, 0x2f, 0x45, 0xf4, 0x7, 0xf1, 0x9, 0xff,
    0xf5, 0x0, 0x0, 0x20, 0x0,

    /* U+00BB "»" */
    0x27, 0x30, 0x75, 0x0, 0xd, 0xe1, 0x8f, 0x40,
    0x3, 0xfa, 0xd, 0xe1, 0x0, 0x8f, 0x53, 0xfa,
    0x0, 0xce, 0x17, 0xf6, 0x7, 0xf5, 0x2f, 0xa0,
    0x3f, 0xa0, 0xde, 0x10,

    /* U+00BC "¼" */
    0xaf, 0xf7, 0x0, 0x0, 0x1, 0xe9, 0x0, 0x0,
    0x13, 0xf7, 0x0, 0x0, 0x9, 0xe0, 0x0, 0x0,
    0x0, 0xf7, 0x0, 0x0, 0x4f, 0x40, 0x0, 0x0,
    0x0, 0xf7, 0x0, 0x0, 0xe9, 0x0, 0x0, 0x0,
    0x0, 0xf7, 0x0, 0x9, 0xe1, 0x0, 0x0, 0x0,
    0x0, 0xf7, 0x0, 0x3f, 0x40, 0x4, 0xf5, 0x0,
    0xcf, 0xff, 0xf0, 0xda, 0x0, 0x1e, 0x90, 0x0,
    0x23, 0x33, 0x28, 0xe1, 0x0, 0xbc, 0x2, 0x0,
    0x0, 0x0, 0x3f, 0x50, 0x7, 0xf2, 0x3f, 0x10,
    0x0, 0x0, 0xdb, 0x0, 0xf, 0xff, 0xff, 0xf4,
    0x0, 0x8, 0xf1, 0x0, 0x2, 0x33, 0x7f, 0x40,
    0x0, 0xa, 0x50, 0x0, 0x0, 0x0, 0x3b, 0x0,

    /* U+00BD "½" */
    0xaf, 0xf7, 0x0, 0x0, 0x1, 0xe9, 0x0, 0x1,
    0x3f, 0x70, 0x0, 0x0, 0xad, 0x0, 0x0, 0x0,
    0xf7, 0x0, 0x0, 0x5f, 0x30, 0x0, 0x0, 0xf,
    0x70, 0x0, 0x1e, 0x80, 0x0, 0x0, 0x0, 0xf7,
    0x0, 0xb, 0xc3, 0xcf, 0xfa, 0xc, 0xff, 0xff,
    0x6, 0xf2, 0x6a, 0x45, 0xf7, 0x23, 0x33, 0x22,
    0xf7, 0x0, 0x0, 0xe, 0x80, 0x0, 0x0, 0xcc,
    0x0, 0x0, 0xa, 0xf2, 0x0, 0x0, 0x7f, 0x20,
    0x0, 0xa, 0xf3, 0x0, 0x0, 0x2f, 0x60, 0x0,
    0xb, 0xe3, 0x0, 0x0, 0xc, 0xb0, 0x0, 0x8,
    0xff, 0xff, 0xe0, 0x0, 0x30, 0x0, 0x0, 0x13,
    0x33, 0x32,

    /* U+00BE "¾" */
    0x6f, 0xff, 0xfd, 0x0, 0x0, 0x1e, 0x90, 0x0,
    0x1, 0x33, 0x6f, 0x50, 0x0, 0x9, 0xe0, 0x0,
    0x0, 0x0, 0x2e, 0x80, 0x0, 0x4, 0xf4, 0x0,
    0x0, 0x0, 0x8, 0xff, 0x80, 0x0, 0xe9, 0x0,
    0x0, 0x0, 0x0, 0x0, 0x7f, 0x20, 0x9e, 0x10,
    0x1, 0x10, 0x3, 0x72, 0x18, 0xf1, 0x3f, 0x40,
    0x4, 0xf4, 0x0, 0x5f, 0xff, 0xf6, 0xd, 0xa0,
    0x1, 0xe8, 0x0, 0x0, 0x2, 0x20, 0x8, 0xe1,
    0x0, 0xbc, 0x3, 0x0, 0x0, 0x0, 0x3, 0xf5,
    0x0, 0x7f, 0x23, 0xf1, 0x0, 0x0, 0x0, 0xdb,
    0x0, 0xf, 0xff, 0xff, 0xf4, 0x0, 0x0, 0x8f,
    0x10, 0x0, 0x23, 0x37, 0xf4, 0x0, 0x0, 0xa,
    0x50, 0x0, 0x0, 0x0, 0x3b, 0x0,

    /* U+00BF "¿" */
    0x0, 0x4, 0xea, 0x0, 0x0, 0x0, 0x7, 0xfe,
    0x0, 0x0, 0x0, 0x1, 0x84, 0x0, 0x0, 0x0,
    0x0, 0x0, 0x0, 0x0, 0x0, 0x6, 0xfa, 0x0,
    0x0, 0x0, 0x2e, 0xf4, 0x0, 0x0, 0x1, 0xef,
    0x70, 0x0, 0x0, 0xb, 0xf8, 0x0, 0x0, 0x0,
    0xf, 0xf2, 0x0, 0x1, 0x0, 0xe, 0xf9, 0x10,
    0x5e, 0xb0, 0x6, 0xff, 0xff, 0xff, 0x80, 0x0,
    0x49, 0xcb, 0x93, 0x0,

    /* U+00C0 "À" */
    0x0, 0x0, 0x9f, 0x90, 0x0, 0x0, 0x0, 0x0,
    0x0, 0x8, 0xf7, 0x0, 0x0, 0x0, 0x0, 0x0,
    0x0, 0x57, 0x0, 0x0, 0x0, 0x0, 0x0, 0x4,
    0xff, 0x30, 0x0, 0x0, 0x0, 0x0, 0xa, 0xff,
    0xa0, 0x0, 0x0, 0x0, 0x0, 0x1f, 0xde, 0xf1,
    0x0, 0x0, 0x0, 0x0, 0x8f, 0x67, 0xf7, 0x0,
    0x0, 0x0, 0x0, 0xef, 0x1, 0xfe, 0x0, 0x0,
    0x0, 0x5, 0xf9, 0x0, 0xaf, 0x50, 0x0, 0x0,
    0xc, 0xf3, 0x0, 0x4f, 0xb0, 0x0, 0x0, 0x3f,
    0xfb, 0xbb, 0xbf, 0xf2, 0x0, 0x0, 0x9f, 0xff,
    0xff, 0xff, 0xf9, 0x0, 0x1, 0xff, 0x0, 0x0,
    0x1, 0xff, 0x0, 0x7, 0xf9, 0x0, 0x0, 0x0,
    0xaf, 0x60, 0xd, 0xf3, 0x0, 0x0, 0x0, 0x4f,
    0xd0,

    /* U+00C1 "Á" */
    0x0, 0x0, 0x0, 0xa, 0xf9, 0x0, 0x0, 0x0,
    0x0, 0x0, 0x7f, 0x70, 0x0, 0x0, 0x0, 0x0,
    0x1, 0x75, 0x0, 0x0, 0x0, 0x0, 0x0, 0x4,
    0xff, 0x30, 0x0, 0x0, 0x0, 0x0, 0xa, 0xff,
    0xa0, 0x0, 0x0, 0x0, 0x0, 0x1f, 0xde, 0xf1,
    0x0, 0x0, 0x0, 0x0, 0x8f, 0x67, 0xf7, 0x0,
    0x0, 0x0, 0x0, 0xef, 0x1, 0xfe, 0x0, 0x0,
    0x0, 0x5, 0xf9, 0x0, 0xaf, 0x50, 0x0, 0x0,
    0xc, 0xf3, 0x0, 0x4f, 0xb0, 0x0, 0x0, 0x3f,
    0xfb, 0xbb, 0xbf, 0xf2, 0x0, 0x0, 0x9f, 0xff,
    0xff, 0xff, 0xf9, 0x0, 0x1, 0xff, 0x0, 0x0,
    0x1, 0xff, 0x0, 0x7, 0xf9, 0x0, 0x0, 0x0,
    0xaf, 0x60, 0xd, 0xf3, 0x0, 0x0, 0x0, 0x4f,
    0xd0,

    /* U+00C2 "Â" */
    0x0, 0x0, 0x5, 0xff, 0x50, 0x0, 0x0, 0x0,
    0x0, 0x3f, 0x9a, 0xf3, 0x0, 0x0, 0x0, 0x0,
    0x66, 0x0, 0x66, 0x0, 0x0, 0x0, 0x0, 0x4,
    0xff, 0x30, 0x0, 0x0, 0x0, 0x0, 0xa, 0xff,
    0xa0, 0x0, 0x0, 0x0, 0x0, 0x1f, 0xde, 0xf1,
    0x0, 0x0, 0x0, 0x0, 0x8f, 0x67, 0xf7, 0x0,
    0x0, 0x0, 0x0, 0xef, 0x1, 0xfe, 0x0, 0x0,
    0x0, 0x5, 0xf9, 0x0, 0xaf, 0x50, 0x0, 0x0,
    0xc, 0xf3, 0x0, 0x4f, 0xb0, 0x0, 0x0, 0x3f,
    0xfb, 0xbb, 0xbf, 0xf2, 0x0, 0x0, 0x9f, 0xff,
    0xff, 0xff, 0xf9, 0x0, 0x1, 0xff, 0x0, 0x0,
    0x1, 0xff, 0x0, 0x7, 0xf9, 0x0, 0x0, 0x0,
    0xaf, 0x60, 0xd, 0xf3, 0x0, 0x0, 0x0, 0x4f,
    0xd0,

    /* U+00C3 "Ã" */
    0x0, 0x0, 0x0, 0x0, 0x0, 0x0, 0x0, 0x0,
    0x0, 0x6f, 0xd4, 0x5f, 0x0, 0x0, 0x0, 0x0,
    0xf7, 0x8f, 0xf8, 0x0, 0x0, 0x0, 0x0, 0x40,
    0x1, 0x20, 0x0, 0x0, 0x0, 0x0, 0x4, 0xff,
    0x30, 0x0, 0x0, 0x0, 0x0, 0xa, 0xff, 0xa0,
    0x0, 0x0, 0x0, 0x0, 0x1f, 0xde, 0xf1, 0x0,
    0x0, 0x0, 0x0, 0x8f, 0x67, 0xf7, 0x0, 0x0,
    0x0, 0x0, 0xef, 0x1, 0xfe, 0x0, 0x0, 0x0,
    0x5, 0xf9, 0x0, 0xaf, 0x50, 0x0, 0x0, 0xc,
    0xf3, 0x0, 0x4f, 0xb0, 0x0, 0x0, 0x3f, 0xfb,
    0xbb, 0xbf, 0xf2, 0x0, 0x0, 0x9f, 0xff, 0xff,
    0xff, 0xf9, 0x0, 0x1, 0xff, 0x0, 0x0, 0x1,
    0xff, 0x0, 0x7, 0xf9, 0x0, 0x0, 0x0, 0xaf,
    0x60, 0xd, 0xf3, 0x0, 0x0, 0x0, 0x4f, 0xd0,

    /* U+00C4 "Ä" */
    0x0, 0x0, 0x5f, 0x33, 0xf4, 0x0, 0x0, 0x0,
    0x0, 0x5f, 0x33, 0xf5, 0x0, 0x0, 0x0, 0x0,
    0x0, 0x0, 0x0, 0x0, 0x0, 0x0, 0x0, 0x4,
    0xff, 0x30, 0x0, 0x0, 0x0, 0x0, 0xa, 0xff,
    0xa0, 0x0, 0x0, 0x0, 0x0, 0x1f, 0xde, 0xf1,
    0x0, 0x0, 0x0, 0x0, 0x8f, 0x67, 0xf7, 0x0,
    0x0, 0x0, 0x0, 0xef, 0x1, 0xfe, 0x0, 0x0,
    0x0, 0x5, 0xf9, 0x0, 0xaf, 0x50, 0x0, 0x0,
    0xc, 0xf3, 0x0, 0x4f, 0xb0, 0x0, 0x0, 0x3f,
    0xfb, 0xbb, 0xbf, 0xf2, 0x0, 0x0, 0x9f, 0xff,
    0xff, 0xff, 0xf9, 0x0, 0x1, 0xff, 0x0, 0x0,
    0x1, 0xff, 0x0, 0x7, 0xf9, 0x0, 0x0, 0x0,
    0xaf, 0x60, 0xd, 0xf3, 0x0, 0x0, 0x0, 0x4f,
    0xd0,

    /* U+00C5 "Å" */
    0x0, 0x0, 0x2, 0xcc, 0x20, 0x0, 0x0, 0x0,
    0x0, 0xb, 0x23, 0xa0, 0x0, 0x0, 0x0, 0x0,
    0xd, 0x1, 0xc0, 0x0, 0x0, 0x0, 0x0, 0x7,
    0xbb, 0x60, 0x0, 0x0, 0x0, 0x0, 0x4, 0xff,
    0x30, 0x0, 0x0, 0x0, 0x0, 0xa, 0xff, 0xa0,
    0x0, 0x0, 0x0, 0x0, 0x1f, 0xde, 0xf1, 0x0,
    0x0, 0x0, 0x0, 0x8f, 0x67, 0xf7, 0x0, 0x0,
    0x0, 0x0, 0xef, 0x1, 0xfe, 0x0, 0x0, 0x0,
    0x5, 0xf9, 0x0, 0xaf, 0x50, 0x0, 0x0, 0xc,
    0xf3, 0x0, 0x4f, 0xb0, 0x0, 0x0, 0x3f, 0xfb,
    0xbb, 0xbf, 0xf2, 0x0, 0x0, 0x9f, 0xff, 0xff,
    0xff, 0xf9, 0x0, 0x1, 0xff, 0x0, 0x0, 0x1,
    0xff, 0x0, 0x7, 0xf9, 0x0, 0x0, 0x0, 0xaf,
    0x60, 0xd, 0xf3, 0x0, 0x0, 0x0, 0x4f, 0xd0,

    /* U+00C6 "Æ" */
    0x0, 0x0, 0x0, 0xd, 0xff, 0xff, 0xff, 0xff,
    0xf0, 0x0, 0x0, 0x0, 0x6f, 0xef, 0xfd, 0xdd,
    0xdd, 0xc0, 0x0, 0x0, 0x0, 0xef, 0x5f, 0xe0,
    0x0, 0x0, 0x0, 0x0, 0x0, 0x7, 0xf8, 0x3f,
    0xe0, 0x0, 0x0, 0x0, 0x0, 0x0, 0x1f, 0xe0,
    0x3f, 0xe0, 0x0, 0x0, 0x0, 0x0, 0x0, 0x8f,
    0x70, 0x3f, 0xfc, 0xcc, 0xcc, 0x30, 0x0, 0x2,
    0xfd, 0x0, 0x3f, 0xff, 0xff, 0xff, 0x40, 0x0,
    0xa, 0xfd, 0xbb, 0xcf, 0xe0, 0x0, 0x0, 0x0,
    0x0, 0x3f, 0xff, 0xff, 0xff, 0xe0, 0x0, 0x0,
    0x0, 0x0, 0xbf, 0x40, 0x0, 0x3f, 0xe0, 0x0,
    0x0, 0x0, 0x4, 0xfc, 0x0, 0x0, 0x3f, 0xfd,
    0xdd, 0xdd, 0xd2, 0xc, 0xf4, 0x0, 0x0, 0x3f,
    0xff, 0xff, 0xff, 0xf3,

    /* U+00C7 "Ç" */
    0x0, 0x2, 0x9d, 0xfe, 0xb5, 0x0, 0x0, 0x5f,
    0xff, 0xef, 0xff, 0xa0, 0x3, 0xff, 0x91, 0x0,
    0x4e, 0x80, 0xc, 0xf9, 0x0, 0x0, 0x1, 0x0,
    0x1f, 0xf1, 0x0, 0x0, 0x0, 0x0, 0x4f, 0xd0,
    0x0, 0x0, 0x0, 0x0, 0x4f, 0xd0, 0x0, 0x0,
    0x0, 0x0, 0x1f, 0xf1, 0x0, 0x0, 0x0, 0x0,
    0xc, 0xf9, 0x0, 0x0, 0x1, 0x0, 0x3, 0xff,
    0x91, 0x0, 0x5e, 0x90, 0x0, 0x5f, 0xff, 0xff,
    0xff, 0xa0, 0x0, 0x2, 0x9e, 0xff, 0xb5, 0x0,
    0x0, 0x0, 0x3, 0xf4, 0x0, 0x0, 0x0, 0x0,
    0x1, 0x4f, 0x30, 0x0, 0x0, 0x0, 0x2f, 0xfd,
    0x10, 0x0, 0x0, 0x0, 0x0, 0x10, 0x0, 0x0,

    /* U+00C8 "È" */
    0x2, 0xdf, 0x30, 0x0, 0x0, 0x1, 0xce, 0x20,
    0x0, 0x0, 0x0, 0x75, 0x0, 0x8, 0xff, 0xff,
    0xff, 0xfb, 0x8f, 0xed, 0xdd, 0xdd, 0x98, 0xf9,
    0x0, 0x0, 0x0, 0x8f, 0x90, 0x0, 0x0, 0x8,
    0xf9, 0x0, 0x0, 0x0, 0x8f, 0xec, 0xcc, 0xcc,
    0x8, 0xff, 0xff, 0xff, 0xf0, 0x8f, 0x90, 0x0,
    0x0, 0x8, 0xf9, 0x0, 0x0, 0x0, 0x8f, 0x90,
    0x0, 0x0, 0x8, 0xfe, 0xdd, 0xdd, 0xdb, 0x8f,
    0xff, 0xff, 0xff, 0xe0,

    /* U+00C9 "É" */
    0x0, 0x0, 0x1e, 0xf4, 0x0, 0x0, 0xd, 0xe3,
    0x0, 0x0, 0x4, 0x72, 0x0, 0x8, 0xff, 0xff,
    0xff, 0xfb, 0x8f, 0xed, 0xdd, 0xdd, 0x98, 0xf9,
    0x0, 0x0, 0x0, 0x8f, 0x90, 0x0, 0x0, 0x8,
    0xf9, 0x0, 0x0, 0x0, 0x8f, 0xec, 0xcc, 0xcc,
    0x8, 0xff, 0xff, 0xff, 0xf0, 0x8f, 0x90, 0x0,
    0x0, 0x8, 0xf9, 0x0, 0x0, 0x0, 0x8f, 0x90,
    0x0, 0x0, 0x8, 0xfe, 0xdd, 0xdd, 0xdb, 0x8f,
    0xff, 0xff, 0xff, 0xe0,

    /* U+00CA "Ê" */
    0x0, 0xb, 0xfd, 0x10, 0x0, 0x9, 0xf6, 0xec,
    0x0, 0x1, 0x83, 0x2, 0x73, 0x8, 0xff, 0xff,
    0xff, 0xfb, 0x8f, 0xed, 0xdd, 0xdd, 0x98, 0xf9,
    0x0, 0x0, 0x0, 0x8f, 0x90, 0x0, 0x0, 0x8,
    0xf9, 0x0, 0x0, 0x0, 0x8f, 0xec, 0xcc, 0xcc,
    0x8, 0xff, 0xff, 0xff, 0xf0, 0x8f, 0x90, 0x0,
    0x0, 0x8, 0xf9, 0x0, 0x0, 0x0, 0x8f, 0x90,
    0x0, 0x0, 0x8, 0xfe, 0xdd, 0xdd, 0xdb, 0x8f,
    0xff, 0xff, 0xff, 0xe0,

    /* U+00CB "Ë" */
    0x0, 0xbc, 0x9, 0xd0, 0x0, 0xb, 0xc0, 0x9d,
    0x0, 0x0, 0x0, 0x0, 0x0, 0x8, 0xff, 0xff,
    0xff, 0xfb, 0x8f, 0xed, 0xdd, 0xdd, 0x98, 0xf9,
    0x0, 0x0, 0x0, 0x8f, 0x90, 0x0, 0x0, 0x8,
    0xf9, 0x0, 0x0, 0x0, 0x8f, 0xec, 0xcc, 0xcc,
    0x8, 0xff, 0xff, 0xff, 0xf0, 0x8f, 0x90, 0x0,
    0x0, 0x8, 0xf9, 0x0, 0x0, 0x0, 0x8f, 0x90,
    0x0, 0x0, 0x8, 0xfe, 0xdd, 0xdd, 0xdb, 0x8f,
    0xff, 0xff, 0xff, 0xe0,

    /* U+00CC "Ì" */
    0x2e, 0xf3, 0x0, 0x1d, 0xe1, 0x0, 0x17, 0x50,
    0x8, 0xf9, 0x0, 0x8f, 0x90, 0x8, 0xf9, 0x0,
    0x8f, 0x90, 0x8, 0xf9, 0x0, 0x8f, 0x90, 0x8,
    0xf9, 0x0, 0x8f, 0x90, 0x8, 0xf9, 0x0, 0x8f,
    0x90, 0x8, 0xf9, 0x0, 0x8f, 0x90,

    /* U+00CD "Í" */
    0x2, 0xee, 0x31, 0xde, 0x20, 0x47, 0x10, 0x8,
    0xf9, 0x0, 0x8f, 0x90, 0x8, 0xf9, 0x0, 0x8f,
    0x90, 0x8, 0xf9, 0x0, 0x8f, 0x90, 0x8, 0xf9,
    0x0, 0x8f, 0x90, 0x8, 0xf9, 0x0, 0x8f, 0x90,
    0x8, 0xf9, 0x0, 0x8f, 0x90, 0x0,

    /* U+00CE "Î" */
    0x0, 0xcf, 0xd0, 0x0, 0xaf, 0x6e, 0xb0, 0x28,
    0x30, 0x28, 0x30, 0x8, 0xf9, 0x0, 0x0, 0x8f,
    0x90, 0x0, 0x8, 0xf9, 0x0, 0x0, 0x8f, 0x90,
    0x0, 0x8, 0xf9, 0x0, 0x0, 0x8f, 0x90, 0x0,
    0x8, 0xf9, 0x0, 0x0, 0x8f, 0x90, 0x0, 0x8,
    0xf9, 0x0, 0x0, 0x8f, 0x90, 0x0, 0x8, 0xf9,
    0x0, 0x0, 0x8f, 0x90, 0x0,

    /* U+00CF "Ï" */
    0xcb, 0xa, 0xd0, 0xcc, 0xa, 0xd0, 0x0, 0x0,
    0x0, 0x8, 0xf9, 0x0, 0x8, 0xf9, 0x0, 0x8,
    0xf9, 0x0, 0x8, 0xf9, 0x0, 0x8, 0xf9, 0x0,
    0x8, 0xf9, 0x0, 0x8, 0xf9, 0x0, 0x8, 0xf9,
    0x0, 0x8, 0xf9, 0x0, 0x8, 0xf9, 0x0, 0x8,
    0xf9, 0x0, 0x8, 0xf9, 0x0,

    /* U+00D0 "Ð" */
    0x5, 0xff, 0xff, 0xfe, 0xb5, 0x0, 0x0, 0x5f,
    0xfd, 0xdd, 0xff, 0xfb, 0x0, 0x5, 0xfc, 0x0,
    0x0, 0x5e, 0xfa, 0x0, 0x5f, 0xc0, 0x0, 0x0,
    0x3f, 0xf2, 0x5, 0xfc, 0x0, 0x0, 0x0, 0xaf,
    0x78, 0xff, 0xf9, 0x97, 0x0, 0x7, 0xf9, 0xef,
    0xff, 0xff, 0xc0, 0x0, 0x7f, 0x90, 0x5f, 0xc0,
    0x0, 0x0, 0xa, 0xf7, 0x5, 0xfc, 0x0, 0x0,
    0x2, 0xff, 0x20, 0x5f, 0xc0, 0x0, 0x4, 0xef,
    0xa0, 0x5, 0xff, 0xdd, 0xdf, 0xff, 0xb0, 0x0,
    0x5f, 0xff, 0xff, 0xeb, 0x50, 0x0,

    /* U+00D1 "Ñ" */
    0x0, 0x0, 0x0, 0x0, 0x0, 0x0, 0x1, 0xdf,
    0x92, 0xc7, 0x0, 0x0, 0x7d, 0x5d, 0xfe, 0x10,
    0x0, 0x2, 0x20, 0x3, 0x10, 0x0, 0x8f, 0x90,
    0x0, 0x0, 0x9f, 0x78, 0xff, 0x50, 0x0, 0x9,
    0xf7, 0x8f, 0xff, 0x20, 0x0, 0x9f, 0x78, 0xff,
    0xfd, 0x0, 0x9, 0xf7, 0x8f, 0xae, 0xfa, 0x0,
    0x9f, 0x78, 0xf9, 0x3f, 0xf6, 0x9, 0xf7, 0x8f,
    0x90, 0x7f, 0xf3, 0x9f, 0x78, 0xf9, 0x0, 0xaf,
    0xda, 0xf7, 0x8f, 0x90, 0x0, 0xdf, 0xff, 0x78,
    0xf9, 0x0, 0x3, 0xff, 0xf7, 0x8f, 0x90, 0x0,
    0x6, 0xff, 0x78, 0xf9, 0x0, 0x0, 0xa, 0xf7,

    /* U+00D2 "Ò" */
    0x0, 0x1, 0xaf, 0x70, 0x0, 0x0, 0x0, 0x0,
    0x0, 0x6f, 0x80, 0x0, 0x0, 0x0, 0x0, 0x0,
    0x0, 0x0, 0x0, 0x0, 0x0, 0x29, 0xdf, 0xeb,
    0x50, 0x0, 0x0, 0x5f, 0xff, 0xef, 0xff, 0xb0,
    0x0, 0x3f, 0xf9, 0x10, 0x5, 0xef, 0xa0, 0xc,
    0xf9, 0x0, 0x0, 0x2, 0xff, 0x31, 0xff, 0x10,
    0x0, 0x0, 0x9, 0xf9, 0x4f, 0xd0, 0x0, 0x0,
    0x0, 0x6f, 0xb4, 0xfd, 0x0, 0x0, 0x0, 0x6,
    0xfb, 0x1f, 0xf1, 0x0, 0x0, 0x0, 0x9f, 0x90,
    0xcf, 0x90, 0x0, 0x0, 0x2f, 0xf3, 0x3, 0xff,
    0x91, 0x0, 0x5e, 0xfa, 0x0, 0x5, 0xff, 0xff,
    0xff, 0xfb, 0x0, 0x0, 0x2, 0x9d, 0xfe, 0xb5,
    0x0, 0x0,

    /* U+00D3 "Ó" */
    0x0, 0x0, 0x0, 0x2d, 0xe4, 0x0, 0x0, 0x0,
    0x0, 0x2e, 0xb1, 0x0, 0x0, 0x0, 0x0, 0x0,
    0x0, 0x0, 0x0, 0x0, 0x0, 0x29, 0xdf, 0xeb,
    0x50, 0x0, 0x0, 0x5f, 0xff, 0xef, 0xff, 0xb0,
    0x0, 0x3f, 0xf9, 0x10, 0x5, 0xef, 0xa0, 0xc,
    0xf9, 0x0, 0x0, 0x2, 0xff, 0x31, 0xff, 0x10,
    0x0, 0x0, 0x9, 0xf9, 0x4f, 0xd0, 0x0, 0x0,
    0x0, 0x6f, 0xb4, 0xfd, 0x0, 0x0, 0x0, 0x6,
    0xfb, 0x1f, 0xf1, 0x0, 0x0, 0x0, 0x9f, 0x90,
    0xcf, 0x90, 0x0, 0x0, 0x2f, 0xf3, 0x3, 0xff,
    0x91, 0x0, 0x5e, 0xfa, 0x0, 0x5, 0xff, 0xff,
    0xff, 0xfb, 0x0, 0x0, 0x2, 0x9d, 0xfe, 0xb5,
    0x0, 0x0,

    /* U+00D4 "Ô" */
    0x0, 0x0, 0xa, 0xff, 0x30, 0x0, 0x0, 0x0,
    0xb, 0xd2, 0x8f, 0x40, 0x0, 0x0, 0x0, 0x0,
    0x0, 0x0, 0x0, 0x0, 0x0, 0x29, 0xdf, 0xeb,
    0x50, 0x0, 0x0, 0x5f, 0xff, 0xef, 0xff, 0xb0,
    0x0, 0x3f, 0xf9, 0x10, 0x5, 0xef, 0xa0, 0xc,
    0xf9, 0x0, 0x0, 0x2, 0xff, 0x31, 0xff, 0x10,
    0x0, 0x0, 0x9, 0xf9, 0x4f, 0xd0, 0x0, 0x0,
    0x0, 0x6f, 0xb4, 0xfd, 0x0, 0x0, 0x0, 0x6,
    0xfb, 0x1f, 0xf1, 0x0, 0x0, 0x0, 0x9f, 0x90,
    0xcf, 0x90, 0x0, 0x0, 0x2f, 0xf3, 0x3, 0xff,
    0x91, 0x0, 0x5e, 0xfa, 0x0, 0x5, 0xff, 0xff,
    0xff, 0xfb, 0x0, 0x0, 0x2, 0x9d, 0xfe, 0xb5,
    0x0, 0x0,

    /* U+00D5 "Õ" */
    0x0, 0x0, 0x0, 0x0, 0x0, 0x0, 0x0, 0x0,
    0xa, 0xfb, 0x39, 0xb0, 0x0, 0x0, 0x3, 0xf5,
    0xaf, 0xf4, 0x0, 0x0, 0x0, 0x13, 0x0, 0x22,
    0x0, 0x0, 0x0, 0x2, 0x9d, 0xfe, 0xb5, 0x0,
    0x0, 0x5, 0xff, 0xfe, 0xff, 0xfb, 0x0, 0x3,
    0xff, 0x91, 0x0, 0x5e, 0xfa, 0x0, 0xcf, 0x90,
    0x0, 0x0, 0x2f, 0xf3, 0x1f, 0xf1, 0x0, 0x0,
    0x0, 0x9f, 0x94, 0xfd, 0x0, 0x0, 0x0, 0x6,
    0xfb, 0x4f, 0xd0, 0x0, 0x0, 0x0, 0x6f, 0xb1,
    0xff, 0x10, 0x0, 0x0, 0x9, 0xf9, 0xc, 0xf9,
    0x0, 0x0, 0x2, 0xff, 0x30, 0x3f, 0xf9, 0x10,
    0x5, 0xef, 0xa0, 0x0, 0x5f, 0xff, 0xff, 0xff,
    0xb0, 0x0, 0x0, 0x29, 0xdf, 0xeb, 0x50, 0x0,

    /* U+00D6 "Ö" */
    0x0, 0x0, 0x9d, 0x7, 0xe1, 0x0, 0x0, 0x0,
    0x9, 0xe0, 0x7e, 0x10, 0x0, 0x0, 0x0, 0x0,
    0x0, 0x0, 0x0, 0x0, 0x0, 0x29, 0xdf, 0xeb,
    0x50, 0x0, 0x0, 0x5f, 0xff, 0xef, 0xff, 0xb0,
    0x0, 0x3f, 0xf9, 0x10, 0x5, 0xef, 0xa0, 0xc,
    0xf9, 0x0, 0x0, 0x2, 0xff, 0x31, 0xff, 0x10,
    0x0, 0x0, 0x9, 0xf9, 0x4f, 0xd0, 0x0, 0x0,
    0x0, 0x6f, 0xb4, 0xfd, 0x0, 0x0, 0x0, 0x6,
    0xfb, 0x1f, 0xf1, 0x0, 0x0, 0x0, 0x9f, 0x90,
    0xcf, 0x90, 0x0, 0x0, 0x2f, 0xf3, 0x3, 0xff,
    0x91, 0x0, 0x5e, 0xfa, 0x0, 0x5, 0xff, 0xff,
    0xff, 0xfb, 0x0, 0x0, 0x2, 0x9d, 0xfe, 0xb5,
    0x0, 0x0,

    /* U+00D7 "×" */
    0x0, 0x0, 0x0, 0x1, 0xd5, 0x1, 0xc6, 0x1d,
    0xf5, 0xcf, 0x70, 0x2e, 0xff, 0x70, 0x0, 0xbf,
    0xf3, 0x0, 0xaf, 0xaf, 0xe3, 0x2f, 0x90, 0x3f,
    0x90, 0x30, 0x0, 0x30,

    /* U+00D8 "Ø" */
    0x0, 0x0, 0x0, 0x0, 0xa, 0xe0, 0x0, 0x0,
    0x29, 0xdf, 0xee, 0xf7, 0x0, 0x0, 0x5f, 0xff,
    0xef, 0xff, 0xc0, 0x0, 0x3f, 0xf9, 0x10, 0x3f,
    0xff, 0xa0, 0xc, 0xf9, 0x0, 0xb, 0xd2, 0xff,
    0x31, 0xff, 0x10, 0x4, 0xf5, 0x9, 0xf9, 0x4f,
    0xd0, 0x0, 0xcd, 0x0, 0x6f, 0xb4, 0xfd, 0x0,
    0x5f, 0x40, 0x6, 0xfb, 0x1f, 0xf1, 0xd, 0xc0,
    0x0, 0x9f, 0x90, 0xcf, 0x95, 0xf4, 0x0, 0x2f,
    0xf3, 0x3, 0xff, 0xfd, 0x0, 0x5e, 0xfa, 0x0,
    0x5, 0xff, 0xff, 0xff, 0xfb, 0x0, 0x0, 0xf,
    0xfd, 0xfe, 0xb5, 0x0, 0x0, 0x7, 0xf2, 0x0,
    0x0, 0x0, 0x0,

    /* U+00D9 "Ù" */
    0x0, 0x3e, 0xe2, 0x0, 0x0, 0x0, 0x0, 0x1a,
    0xe3, 0x0, 0x0, 0x0, 0x0, 0x0, 0x0, 0x0,
    0x9, 0xf7, 0x0, 0x0, 0xd, 0xf3, 0x9f, 0x70,
    0x0, 0x0, 0xdf, 0x39, 0xf7, 0x0, 0x0, 0xd,
    0xf3, 0x9f, 0x70, 0x0, 0x0, 0xdf, 0x39, 0xf7,
    0x0, 0x0, 0xd, 0xf3, 0x9f, 0x70, 0x0, 0x0,
    0xdf, 0x39, 0xf7, 0x0, 0x0, 0xd, 0xf3, 0x8f,
    0x90, 0x0, 0x0, 0xef, 0x26, 0xfd, 0x0, 0x0,
    0x2f, 0xf0, 0x1f, 0xf9, 0x0, 0x2c, 0xfa, 0x0,
    0x6f, 0xff, 0xff, 0xfe, 0x10, 0x0, 0x4b, 0xef,
    0xe9, 0x10, 0x0,

    /* U+00DA "Ú" */
    0x0, 0x0, 0x6, 0xfb, 0x10, 0x0, 0x0, 0x7,
    0xf7, 0x0, 0x0, 0x0, 0x0, 0x0, 0x0, 0x0,
    0x9, 0xf7, 0x0, 0x0, 0xd, 0xf3, 0x9f, 0x70,
    0x0, 0x0, 0xdf, 0x39, 0xf7, 0x0, 0x0, 0xd,
    0xf3, 0x9f, 0x70, 0x0, 0x0, 0xdf, 0x39, 0xf7,
    0x0, 0x0, 0xd, 0xf3, 0x9f, 0x70, 0x0, 0x0,
    0xdf, 0x39, 0xf7, 0x0, 0x0, 0xd, 0xf3, 0x8f,
    0x90, 0x0, 0x0, 0xef, 0x26, 0xfd, 0x0, 0x0,
    0x2f, 0xf0, 0x1f, 0xf9, 0x0, 0x2c, 0xfa, 0x0,
    0x6f, 0xff, 0xff, 0xfe, 0x10, 0x0, 0x4b, 0xef,
    0xe9, 0x10, 0x0,

    /* U+00DB "Û" */
    0x0, 0x3, 0xef, 0xb0, 0x0, 0x0, 0x3, 0xf9,
    0x2c, 0xc1, 0x0, 0x0, 0x0, 0x0, 0x0, 0x0,
    0x9, 0xf7, 0x0, 0x0, 0xd, 0xf3, 0x9f, 0x70,
    0x0, 0x0, 0xdf, 0x39, 0xf7, 0x0, 0x0, 0xd,
    0xf3, 0x9f, 0x70, 0x0, 0x0, 0xdf, 0x39, 0xf7,
    0x0, 0x0, 0xd, 0xf3, 0x9f, 0x70, 0x0, 0x0,
    0xdf, 0x39, 0xf7, 0x0, 0x0, 0xd, 0xf3, 0x8f,
    0x90, 0x0, 0x0, 0xef, 0x26, 0xfd, 0x0, 0x0,
    0x2f, 0xf0, 0x1f, 0xf9, 0x0, 0x2c, 0xfa, 0x0,
    0x6f, 0xff, 0xff, 0xfe, 0x10, 0x0, 0x4b, 0xef,
    0xe9, 0x10, 0x0,

    /* U+00DC "Ü" */
    0x0, 0xe, 0x80, 0xda, 0x0, 0x0, 0x1, 0xe8,
    0xd, 0xa0, 0x0, 0x0, 0x0, 0x0, 0x0, 0x0,
    0x9, 0xf7, 0x0, 0x0, 0xd, 0xf3, 0x9f, 0x70,
    0x0, 0x0, 0xdf, 0x39, 0xf7, 0x0, 0x0, 0xd,
    0xf3, 0x9f, 0x70, 0x0, 0x0, 0xdf, 0x39, 0xf7,
    0x0, 0x0, 0xd, 0xf3, 0x9f, 0x70, 0x0, 0x0,
    0xdf, 0x39, 0xf7, 0x0, 0x0, 0xd, 0xf3, 0x8f,
    0x90, 0x0, 0x0, 0xef, 0x26, 0xfd, 0x0, 0x0,
    0x2f, 0xf0, 0x1f, 0xf9, 0x0, 0x2c, 0xfa, 0x0,
    0x6f, 0xff, 0xff, 0xfe, 0x10, 0x0, 0x4b, 0xef,
    0xe9, 0x10, 0x0,

    /* U+00DD "Ý" */
    0x0, 0x0, 0x0, 0x5e, 0xb1, 0x0, 0x0, 0x0,
    0x5, 0xf8, 0x0, 0x0, 0x0, 0x0, 0x2, 0x10,
    0x0, 0x0, 0xd, 0xf5, 0x0, 0x0, 0x9, 0xf6,
    0x4, 0xfe, 0x0, 0x0, 0x3f, 0xd0, 0x0, 0xbf,
    0x70, 0x0, 0xbf, 0x50, 0x0, 0x2f, 0xf1, 0x5,
    0xfb, 0x0, 0x0, 0x9, 0xf9, 0xd, 0xf3, 0x0,
    0x0, 0x1, 0xff, 0x9f, 0xa0, 0x0, 0x0, 0x0,
    0x7f, 0xff, 0x10, 0x0, 0x0, 0x0, 0xe, 0xf8,
    0x0, 0x0, 0x0, 0x0, 0xc, 0xf5, 0x0, 0x0,
    0x0, 0x0, 0xc, 0xf5, 0x0, 0x0, 0x0, 0x0,
    0xc, 0xf5, 0x0, 0x0, 0x0, 0x0, 0xc, 0xf5,
    0x0, 0x0,

    /* U+00DE "Þ" */
    0x8f, 0x90, 0x0, 0x0, 0x0, 0x8f, 0x90, 0x0,
    0x0, 0x0, 0x8f, 0xff, 0xff, 0xd8, 0x10, 0x8f,
    0xed, 0xde, 0xff, 0xe1, 0x8f, 0x90, 0x0, 0x2d,
    0xf9, 0x8f, 0x90, 0x0, 0x5, 0xfd, 0x8f, 0x90,
    0x0, 0x5, 0xfc, 0x8f, 0x90, 0x0, 0x2c, 0xf9,
    0x8f, 0xed, 0xde, 0xff, 0xe1, 0x8f, 0xff, 0xff,
    0xd8, 0x10, 0x8f, 0x90, 0x0, 0x0, 0x0, 0x8f,
    0x90, 0x0, 0x0, 0x0,

    /* U+00DF "ß" */
    0x0, 0x8d, 0xfe, 0x91, 0x0, 0xc, 0xff, 0xce,
    0xfd, 0x0, 0x6f, 0xc0, 0x0, 0xdf, 0x40, 0x9f,
    0x60, 0x0, 0x9f, 0x50, 0xaf, 0x50, 0x4, 0xfe,
    0x0, 0xbf, 0x50, 0xdf, 0xf7, 0x0, 0xbf, 0x50,
    0x9c, 0xff, 0x90, 0xbf, 0x50, 0x0, 0x2e, 0xf2,
    0xbf, 0x50, 0x0, 0xb, 0xf5, 0xbf, 0x50, 0x0,
    0x2e, 0xf3, 0xbf, 0x54, 0xdc, 0xff, 0xb0, 0xbf,
    0x55, 0xef, 0xd8, 0x0,

    /* U+00E0 "à" */
    0x1, 0xaf, 0x70, 0x0, 0x0, 0x0, 0x6f, 0x80,
    0x0, 0x0, 0x0, 0x0, 0x0, 0x0, 0x3a, 0xef,
    0xd9, 0x10, 0xd, 0xfe, 0xcf, 0xfd, 0x0, 0x43,
    0x0, 0x1e, 0xf4, 0x0, 0x0, 0x11, 0x9f, 0x70,
    0x4d, 0xff, 0xff, 0xf7, 0x1f, 0xf6, 0x44, 0xaf,
    0x74, 0xfb, 0x0, 0xb, 0xf7, 0x1e, 0xfa, 0x8c,
    0xff, 0x70, 0x3b, 0xff, 0xa8, 0xf7,

    /* U+00E1 "á" */
    0x0, 0x0, 0x1d, 0xe4, 0x0, 0x0, 0x2e, 0xb1,
    0x0, 0x0, 0x0, 0x0, 0x0, 0x0, 0x3a, 0xef,
    0xd9, 0x10, 0xd, 0xfe, 0xcf, 0xfd, 0x0, 0x43,
    0x0, 0x1e, 0xf4, 0x0, 0x0, 0x11, 0x9f, 0x70,
    0x4d, 0xff, 0xff, 0xf7, 0x1f, 0xf6, 0x44, 0xaf,
    0x74, 0xfb, 0x0, 0xb, 0xf7, 0x1e, 0xfa, 0x8c,
    0xff, 0x70, 0x3b, 0xff, 0xa8, 0xf7,

    /* U+00E2 "â" */
    0x0, 0xa, 0xff, 0x30, 0x0, 0xb, 0xd2, 0x8f,
    0x40, 0x0, 0x0, 0x0, 0x0, 0x0, 0x3a, 0xef,
    0xd9, 0x10, 0xd, 0xfe, 0xcf, 0xfd, 0x0, 0x43,
    0x0, 0x1e, 0xf4, 0x0, 0x0, 0x11, 0x9f, 0x70,
    0x4d, 0xff, 0xff, 0xf7, 0x1f, 0xf6, 0x44, 0xaf,
    0x74, 0xfb, 0x0, 0xb, 0xf7, 0x1e, 0xfa, 0x8c,
    0xff, 0x70, 0x3b, 0xff, 0xa8, 0xf7,

    /* U+00E3 "ã" */
    0x0, 0xaf, 0xff, 0xf6, 0x0, 0x3, 0x33, 0x32,
    0x0, 0x0, 0x0, 0x0, 0x0, 0x0, 0x3a, 0xef,
    0xd9, 0x10, 0xd, 0xfe, 0xcf, 0xfd, 0x0, 0x43,
    0x0, 0x1e, 0xf4, 0x0, 0x0, 0x11, 0x9f, 0x70,
    0x4d, 0xff, 0xff, 0xf7, 0x1f, 0xf6, 0x44, 0xaf,
    0x74, 0xfb, 0x0, 0xb, 0xf7, 0x1e, 0xfa, 0x8c,
    0xff, 0x70, 0x3b, 0xff, 0xa8, 0xf7,

    /* U+00E4 "ä" */
    0x0, 0x8e, 0x7, 0xe1, 0x0, 0x9, 0xe0, 0x7e,
    0x10, 0x0, 0x0, 0x0, 0x0, 0x0, 0x3a, 0xef,
    0xd9, 0x10, 0xd, 0xfe, 0xcf, 0xfd, 0x0, 0x43,
    0x0, 0x1e, 0xf4, 0x0, 0x0, 0x11, 0x9f, 0x70,
    0x4d, 0xff, 0xff, 0xf7, 0x1f, 0xf6, 0x44, 0xaf,
    0x74, 0xfb, 0x0, 0xb, 0xf7, 0x1e, 0xfa, 0x8c,
    0xff, 0x70, 0x3b, 0xff, 0xa8, 0xf7,

    /* U+00E5 "å" */
    0x0, 0x5, 0xdb, 0x0, 0x0, 0x0, 0xd0, 0x67,
    0x0, 0x0, 0xd, 0x6, 0x80, 0x0, 0x0, 0x6d,
    0xb1, 0x0, 0x0, 0x0, 0x0, 0x0, 0x0, 0x3a,
    0xef, 0xd9, 0x10, 0xd, 0xfe, 0xcf, 0xfd, 0x0,
    0x43, 0x0, 0x1e, 0xf4, 0x0, 0x0, 0x11, 0x9f,
    0x70, 0x4d, 0xff, 0xff, 0xf7, 0x1f, 0xf6, 0x44,
    0xaf, 0x74, 0xfb, 0x0, 0xb, 0xf7, 0x1e, 0xfa,
    0x8c, 0xff, 0x70, 0x3b, 0xff, 0xa8, 0xf7,

    /* U+00E6 "æ" */
    0x3, 0xae, 0xfe, 0x91, 0x4c, 0xfe, 0xb2, 0x0,
    0xd, 0xfe, 0xcf, 0xfd, 0xff, 0xdd, 0xff, 0x30,
    0x4, 0x30, 0x1, 0xef, 0xf4, 0x0, 0x6f, 0xc0,
    0x0, 0x0, 0x11, 0x9f, 0xa1, 0x11, 0x1d, 0xf2,
    0x5, 0xdf, 0xff, 0xff, 0xff, 0xff, 0xff, 0xf4,
    0x1f, 0xf6, 0x44, 0xaf, 0xb4, 0x44, 0x44, 0x41,
    0x3f, 0xb0, 0x0, 0xcf, 0xf4, 0x0, 0x7, 0x0,
    0xe, 0xfa, 0x8c, 0xfa, 0xff, 0xdd, 0xff, 0x60,
    0x2, 0xbe, 0xfc, 0x50, 0x4b, 0xef, 0xd7, 0x0,

    /* U+00E7 "ç" */
    0x0, 0x3a, 0xef, 0xc6, 0x0, 0x4f, 0xfe, 0xcf,
    0xf7, 0xe, 0xf7, 0x0, 0x2c, 0x44, 0xfd, 0x0,
    0x0, 0x0, 0x5f, 0xa0, 0x0, 0x0, 0x4, 0xfd,
    0x0, 0x0, 0x0, 0xe, 0xf7, 0x0, 0x2c, 0x40,
    0x4f, 0xfe, 0xdf, 0xf7, 0x0, 0x3a, 0xff, 0xc6,
    0x0, 0x0, 0xb, 0x70, 0x0, 0x0, 0x0, 0xaf,
    0x60, 0x0, 0x0, 0x10, 0xca, 0x0, 0x0, 0xc,
    0xfe, 0x30, 0x0, 0x0, 0x1, 0x0, 0x0,

    /* U+00E8 "è" */
    0x0, 0x8f, 0xa0, 0x0, 0x0, 0x0, 0x3, 0xeb,
    0x0, 0x0, 0x0, 0x0, 0x0, 0x0, 0x0, 0x0,
    0x3b, 0xef, 0xb3, 0x0, 0x5, 0xff, 0xcc, 0xff,
    0x40, 0xe, 0xf4, 0x0, 0x4f, 0xe0, 0x4f, 0xc1,
    0x11, 0x1b, 0xf3, 0x5f, 0xff, 0xff, 0xff, 0xf5,
    0x4f, 0xd4, 0x44, 0x44, 0x41, 0xe, 0xf6, 0x0,
    0x7, 0x0, 0x4, 0xff, 0xec, 0xff, 0x80, 0x0,
    0x3a, 0xef, 0xd8, 0x0,

    /* U+00E9 "é" */
    0x0, 0x0, 0xb, 0xf7, 0x0, 0x0, 0x0, 0xcd,
    0x30, 0x0, 0x0, 0x0, 0x0, 0x0, 0x0, 0x0,
    0x3b, 0xef, 0xb3, 0x0, 0x5, 0xff, 0xcc, 0xff,
    0x40, 0xe, 0xf4, 0x0, 0x4f, 0xe0, 0x4f, 0xc1,
    0x11, 0x1b, 0xf3, 0x5f, 0xff, 0xff, 0xff, 0xf5,
    0x4f, 0xd4, 0x44, 0x44, 0x41, 0xe, 0xf6, 0x0,
    0x7, 0x0, 0x4, 0xff, 0xec, 0xff, 0x80, 0x0,
    0x3a, 0xef, 0xd8, 0x0,

    /* U+00EA "ê" */
    0x0, 0x7, 0xff, 0x60, 0x0, 0x0, 0x8e, 0x45,
    0xf7, 0x0, 0x0, 0x0, 0x0, 0x0, 0x0, 0x0,
    0x3b, 0xef, 0xb3, 0x0, 0x5, 0xff, 0xcc, 0xff,
    0x40, 0xe, 0xf4, 0x0, 0x4f, 0xe0, 0x4f, 0xc1,
    0x11, 0x1b, 0xf3, 0x5f, 0xff, 0xff, 0xff, 0xf5,
    0x4f, 0xd4, 0x44, 0x44, 0x41, 0xe, 0xf6, 0x0,
    0x7, 0x0, 0x4, 0xff, 0xec, 0xff, 0x80, 0x0,
    0x3a, 0xef, 0xd8, 0x0,

    /* U+00EB "ë" */
    0x0, 0x5f, 0x34, 0xf4, 0x0, 0x0, 0x5f, 0x34,
    0xf4, 0x0, 0x0, 0x0, 0x0, 0x0, 0x0, 0x0,
    0x3b, 0xef, 0xb3, 0x0, 0x5, 0xff, 0xcc, 0xff,
    0x40, 0xe, 0xf4, 0x0, 0x4f, 0xe0, 0x4f, 0xc1,
    0x11, 0x1b, 0xf3, 0x5f, 0xff, 0xff, 0xff, 0xf5,
    0x4f, 0xd4, 0x44, 0x44, 0x41, 0xe, 0xf6, 0x0,
    0x7, 0x0, 0x4, 0xff, 0xec, 0xff, 0x80, 0x0,
    0x3a, 0xef, 0xd8, 0x0,

    /* U+00EC "ì" */
    0x4e, 0xe2, 0x0, 0x1a, 0xe3, 0x0, 0x0, 0x0,
    0xb, 0xf5, 0x0, 0xbf, 0x50, 0xb, 0xf5, 0x0,
    0xbf, 0x50, 0xb, 0xf5, 0x0, 0xbf, 0x50, 0xb,
    0xf5, 0x0, 0xbf, 0x50, 0xb, 0xf5,

    /* U+00ED "í" */
    0x0, 0x6f, 0xb1, 0x7, 0xe6, 0x0, 0x0, 0x0,
    0x0, 0xb, 0xf5, 0x0, 0xb, 0xf5, 0x0, 0xb,
    0xf5, 0x0, 0xb, 0xf5, 0x0, 0xb, 0xf5, 0x0,
    0xb, 0xf5, 0x0, 0xb, 0xf5, 0x0, 0xb, 0xf5,
    0x0, 0xb, 0xf5, 0x0,

    /* U+00EE "î" */
    0x2, 0xef, 0xa0, 0x1d, 0xb3, 0xe8, 0x0, 0x0,
    0x0, 0x0, 0xbf, 0x50, 0x0, 0xbf, 0x50, 0x0,
    0xbf, 0x50, 0x0, 0xbf, 0x50, 0x0, 0xbf, 0x50,
    0x0, 0xbf, 0x50, 0x0, 0xbf, 0x50, 0x0, 0xbf,
    0x50, 0x0, 0xbf, 0x50,

    /* U+00EF "ï" */
    0x9c, 0x3f, 0x49, 0xc3, 0xe4, 0x0, 0x0, 0x0,
    0xbf, 0x50, 0xb, 0xf5, 0x0, 0xbf, 0x50, 0xb,
    0xf5, 0x0, 0xbf, 0x50, 0xb, 0xf5, 0x0, 0xbf,
    0x50, 0xb, 0xf5, 0x0, 0xbf, 0x50,

    /* U+00F0 "ð" */
    0x0, 0x27, 0x0, 0x0, 0x0, 0xa, 0xfe, 0x49,
    0xf1, 0x0, 0x7, 0xff, 0xd2, 0x0, 0x1a, 0xf9,
    0xdf, 0x30, 0x0, 0x81, 0x2, 0xfd, 0x0, 0x3,
    0x78, 0x47, 0xf5, 0x7, 0xff, 0xff, 0xcf, 0xa2,
    0xff, 0x50, 0x3d, 0xfe, 0x6f, 0x90, 0x0, 0x5f,
    0xf6, 0xf8, 0x0, 0x4, 0xfd, 0x3f, 0xd1, 0x0,
    0xaf, 0x90, 0xbf, 0xeb, 0xdf, 0xd1, 0x0, 0x8e,
    0xfe, 0x91, 0x0,

    /* U+00F1 "ñ" */
    0x1, 0xcf, 0xff, 0xf3, 0x0, 0x13, 0x33, 0x31,
    0x0, 0x0, 0x0, 0x0, 0x0, 0xb, 0xf5, 0xae,
    0xfc, 0x30, 0xbf, 0xff, 0xce, 0xff, 0x2b, 0xfe,
    0x10, 0xb, 0xf8, 0xbf, 0x70, 0x0, 0x5f, 0xbb,
    0xf5, 0x0, 0x4, 0xfb, 0xbf, 0x50, 0x0, 0x4f,
    0xbb, 0xf5, 0x0, 0x4, 0xfb, 0xbf, 0x50, 0x0,
    0x4f, 0xbb, 0xf5, 0x0, 0x4, 0xfb,

    /* U+00F2 "ò" */
    0x0, 0x6f, 0xc1, 0x0, 0x0, 0x0, 0x2, 0xcd,
    0x10, 0x0, 0x0, 0x0, 0x0, 0x0, 0x0, 0x0,
    0x3b, 0xef, 0xc6, 0x0, 0x4, 0xff, 0xed, 0xff,
    0x90, 0xe, 0xf6, 0x0, 0x3e, 0xf4, 0x4f, 0xc0,
    0x0, 0x7, 0xf9, 0x5f, 0xa0, 0x0, 0x5, 0xfb,
    0x4f, 0xc0, 0x0, 0x7, 0xf9, 0xe, 0xf6, 0x0,
    0x3f, 0xf4, 0x4, 0xff, 0xed, 0xff, 0x90, 0x0,
    0x3b, 0xef, 0xc6, 0x0,

    /* U+00F3 "ó" */
    0x0, 0x0, 0x9, 0xf9, 0x0, 0x0, 0x0, 0xae,
    0x40, 0x0, 0x0, 0x0, 0x0, 0x0, 0x0, 0x0,
    0x3b, 0xef, 0xc6, 0x0, 0x4, 0xff, 0xed, 0xff,
    0x90, 0xe, 0xf6, 0x0, 0x3e, 0xf4, 0x4f, 0xc0,
    0x0, 0x7, 0xf9, 0x5f, 0xa0, 0x0, 0x5, 0xfb,
    0x4f, 0xc0, 0x0, 0x7, 0xf9, 0xe, 0xf6, 0x0,
    0x3f, 0xf4, 0x4, 0xff, 0xed, 0xff, 0x90, 0x0,
    0x3b, 0xef, 0xc6, 0x0,

    /* U+00F4 "ô" */
    0x0, 0x5, 0xff, 0x90, 0x0, 0x0, 0x6f, 0x63,
    0xe9, 0x0, 0x0, 0x0, 0x0, 0x0, 0x0, 0x0,
    0x3b, 0xef, 0xc6, 0x0, 0x4, 0xff, 0xed, 0xff,
    0x90, 0xe, 0xf6, 0x0, 0x3e, 0xf4, 0x4f, 0xc0,
    0x0, 0x7, 0xf9, 0x5f, 0xa0, 0x0, 0x5, 0xfb,
    0x4f, 0xc0, 0x0, 0x7, 0xf9, 0xe, 0xf6, 0x0,
    0x3f, 0xf4, 0x4, 0xff, 0xed, 0xff, 0x90, 0x0,
    0x3b, 0xef, 0xc6, 0x0,

    /* U+00F5 "õ" */
    0x0, 0x5e, 0xff, 0xfc, 0x0, 0x0, 0x23, 0x33,
    0x30, 0x0, 0x0, 0x0, 0x0, 0x0, 0x0, 0x0,
    0x3b, 0xef, 0xc6, 0x0, 0x4, 0xff, 0xed, 0xff,
    0x90, 0xe, 0xf6, 0x0, 0x3e, 0xf4, 0x4f, 0xc0,
    0x0, 0x7, 0xf9, 0x5f, 0xa0, 0x0, 0x5, 0xfb,
    0x4f, 0xc0, 0x0, 0x7, 0xf9, 0xe, 0xf6, 0x0,
    0x3f, 0xf4, 0x4, 0xff, 0xed, 0xff, 0x90, 0x0,
    0x3b, 0xef, 0xc6, 0x0,

    /* U+00F6 "ö" */
    0x0, 0x3f, 0x51, 0xe6, 0x0, 0x0, 0x3f, 0x52,
    0xe7, 0x0, 0x0, 0x0, 0x0, 0x0, 0x0, 0x0,
    0x3b, 0xef, 0xc6, 0x0, 0x4, 0xff, 0xed, 0xff,
    0x90, 0xe, 0xf6, 0x0, 0x3e, 0xf4, 0x4f, 0xc0,
    0x0, 0x7, 0xf9, 0x5f, 0xa0, 0x0, 0x5, 0xfb,
    0x4f, 0xc0, 0x0, 0x7, 0xf9, 0xe, 0xf6, 0x0,
    0x3f, 0xf4, 0x4, 0xff, 0xed, 0xff, 0x90, 0x0,
    0x3b, 0xef, 0xc6, 0x0,

    /* U+00F7 "÷" */
    0x0, 0x2e, 0x80, 0x0, 0x0, 0x4f, 0xc0, 0x0,
    0x0, 0x4, 0x10, 0x0, 0xaa, 0xaa, 0xaa, 0xa4,
    0xff, 0xff, 0xff, 0xf6, 0x0, 0x0, 0x0, 0x0,
    0x0, 0x4, 0x10, 0x0, 0x0, 0x4f, 0xc0, 0x0,
    0x0, 0x2e, 0x80, 0x0,

    /* U+00F8 "ø" */
    0x0, 0x0, 0x0, 0x1f, 0x40, 0x0, 0x3b, 0xef,
    0xff, 0x0, 0x4, 0xff, 0xee, 0xff, 0x90, 0xe,
    0xf6, 0x9, 0xee, 0xf4, 0x4f, 0xc0, 0x1f, 0x37,
    0xf9, 0x5f, 0xa0, 0x9b, 0x5, 0xfb, 0x4f, 0xc1,
    0xf3, 0x7, 0xf9, 0xe, 0xff, 0xb0, 0x3f, 0xf4,
    0x4, 0xff, 0xfd, 0xff, 0x90, 0x0, 0xdf, 0xef,
    0xc6, 0x0, 0x2, 0xf2, 0x0, 0x0, 0x0,

    /* U+00F9 "ù" */
    0x3, 0xde, 0x30, 0x0, 0x0, 0x0, 0x9e, 0x40,
    0x0, 0x0, 0x0, 0x0, 0x0, 0xc, 0xf4, 0x0,
    0x6, 0xf9, 0xcf, 0x40, 0x0, 0x6f, 0x9c, 0xf4,
    0x0, 0x6, 0xf9, 0xcf, 0x40, 0x0, 0x6f, 0x9c,
    0xf4, 0x0, 0x7, 0xf9, 0xbf, 0x50, 0x0, 0x9f,
    0x99, 0xfc, 0x0, 0x3f, 0xf9, 0x2f, 0xff, 0xef,
    0xff, 0x90, 0x3b, 0xef, 0xa6, 0xf9,

    /* U+00FA "ú" */
    0x0, 0x0, 0x5f, 0xc1, 0x0, 0x0, 0x6f, 0x70,
    0x0, 0x0, 0x0, 0x0, 0x0, 0xc, 0xf4, 0x0,
    0x6, 0xf9, 0xcf, 0x40, 0x0, 0x6f, 0x9c, 0xf4,
    0x0, 0x6, 0xf9, 0xcf, 0x40, 0x0, 0x6f, 0x9c,
    0xf4, 0x0, 0x7, 0xf9, 0xbf, 0x50, 0x0, 0x9f,
    0x99, 0xfc, 0x0, 0x3f, 0xf9, 0x2f, 0xff, 0xef,
    0xff, 0x90, 0x3b, 0xef, 0xa6, 0xf9,

    /* U+00FB "û" */
    0x0, 0x2e, 0xfc, 0x10, 0x0, 0x3e, 0x91, 0xbc,
    0x10, 0x0, 0x0, 0x0, 0x0, 0xc, 0xf4, 0x0,
    0x6, 0xf9, 0xcf, 0x40, 0x0, 0x6f, 0x9c, 0xf4,
    0x0, 0x6, 0xf9, 0xcf, 0x40, 0x0, 0x6f, 0x9c,
    0xf4, 0x0, 0x7, 0xf9, 0xbf, 0x50, 0x0, 0x9f,
    0x99, 0xfc, 0x0, 0x3f, 0xf9, 0x2f, 0xff, 0xef,
    0xff, 0x90, 0x3b, 0xef, 0xa6, 0xf9,

    /* U+00FC "ü" */
    0x0, 0xd9, 0xc, 0xb0, 0x0, 0xd, 0x90, 0xcb,
    0x0, 0x0, 0x0, 0x0, 0x0, 0xc, 0xf4, 0x0,
    0x6, 0xf9, 0xcf, 0x40, 0x0, 0x6f, 0x9c, 0xf4,
    0x0, 0x6, 0xf9, 0xcf, 0x40, 0x0, 0x6f, 0x9c,
    0xf4, 0x0, 0x7, 0xf9, 0xbf, 0x50, 0x0, 0x9f,
    0x99, 0xfc, 0x0, 0x3f, 0xf9, 0x2f, 0xff, 0xef,
    0xff, 0x90, 0x3b, 0xef, 0xa6, 0xf9,

    /* U+00FD "ý" */
    0x0, 0x0, 0x5, 0xfc, 0x10, 0x0, 0x0, 0x6,
    0xf7, 0x0, 0x0, 0x0, 0x0, 0x0, 0x0, 0x0,
    0x0, 0xdf, 0x30, 0x0, 0xd, 0xf1, 0x7, 0xf9,
    0x0, 0x3, 0xfa, 0x0, 0xf, 0xf1, 0x0, 0xaf,
    0x30, 0x0, 0x9f, 0x70, 0x1f, 0xd0, 0x0, 0x2,
    0xfd, 0x8, 0xf6, 0x0, 0x0, 0xb, 0xf5, 0xee,
    0x0, 0x0, 0x0, 0x4f, 0xef, 0x80, 0x0, 0x0,
    0x0, 0xdf, 0xf2, 0x0, 0x0, 0x0, 0x7, 0xfb,
    0x0, 0x0, 0x1, 0x0, 0xbf, 0x40, 0x0, 0x0,
    0xed, 0xdf, 0xb0, 0x0, 0x0, 0xa, 0xee, 0xa0,
    0x0, 0x0, 0x0,

    /* U+00FE "þ" */
    0xbf, 0x50, 0x0, 0x0, 0x0, 0xbf, 0x50, 0x0,
    0x0, 0x0, 0xbf, 0x50, 0x0, 0x0, 0x0, 0xbf,
    0x6a, 0xff, 0xb4, 0x0, 0xbf, 0xff, 0xde, 0xff,
    0x50, 0xbf, 0xe2, 0x0, 0x7f, 0xe0, 0xbf, 0x70,
    0x0, 0xd, 0xf4, 0xbf, 0x40, 0x0, 0xa, 0xf5,
    0xbf, 0x70, 0x0, 0xd, 0xf4, 0xbf, 0xe2, 0x0,
    0x7f, 0xe0, 0xbf, 0xff, 0xde, 0xff, 0x50, 0xbf,
    0x6a, 0xff, 0xb4, 0x0, 0xbf, 0x50, 0x0, 0x0,
    0x0, 0xbf, 0x50, 0x0, 0x0, 0x0, 0xbf, 0x50,
    0x0, 0x0, 0x0,

    /* U+00FF "ÿ" */
    0x0, 0xd, 0x90, 0xcb, 0x0, 0x0, 0x0, 0xda,
    0xc, 0xb0, 0x0, 0x0, 0x0, 0x0, 0x0, 0x0,
    0x0, 0xdf, 0x30, 0x0, 0xd, 0xf1, 0x7, 0xf9,
    0x0, 0x3, 0xfa, 0x0, 0xf, 0xf1, 0x0, 0xaf,
    0x30, 0x0, 0x9f, 0x70, 0x1f, 0xd0, 0x0, 0x2,
    0xfd, 0x8, 0xf6, 0x0, 0x0, 0xb, 0xf5, 0xee,
    0x0, 0x0, 0x0, 0x4f, 0xef, 0x80, 0x0, 0x0,
    0x0, 0xdf, 0xf2, 0x0, 0x0, 0x0, 0x7, 0xfb,
    0x0, 0x0, 0x1, 0x0, 0xbf, 0x40, 0x0, 0x0,
    0xed, 0xdf, 0xb0, 0x0, 0x0, 0xa, 0xee, 0xa0,
    0x0, 0x0, 0x0,

    /* U+0100 "Ā" */
    0x0, 0x0, 0x0, 0x0, 0x0, 0x0, 0x0, 0x0,
    0x0, 0xcf, 0xff, 0xfc, 0x0, 0x0, 0x0, 0x0,
    0x23, 0x33, 0x32, 0x0, 0x0, 0x0, 0x0, 0x4,
    0xff, 0x30, 0x0, 0x0, 0x0, 0x0, 0xa, 0xff,
    0xa0, 0x0, 0x0, 0x0, 0x0, 0x1f, 0xde, 0xf1,
    0x0, 0x0, 0x0, 0x0, 0x8f, 0x67, 0xf7, 0x0,
    0x0, 0x0, 0x0, 0xef, 0x1, 0xfe, 0x0, 0x0,
    0x0, 0x5, 0xf9, 0x0, 0xaf, 0x50, 0x0, 0x0,
    0xc, 0xf3, 0x0, 0x4f, 0xb0, 0x0, 0x0, 0x3f,
    0xfb, 0xbb, 0xbf, 0xf2, 0x0, 0x0, 0x9f, 0xff,
    0xff, 0xff, 0xf9, 0x0, 0x1, 0xff, 0x0, 0x0,
    0x1, 0xff, 0x0, 0x7, 0xf9, 0x0, 0x0, 0x0,
    0xaf, 0x60, 0xd, 0xf3, 0x0, 0x0, 0x0, 0x4f,
    0xd0,

    /* U+0101 "ā" */
    0x0, 0xff, 0xff, 0xf8, 0x0, 0x4, 0x44, 0x44,
    0x20, 0x0, 0x0, 0x0, 0x0, 0x0, 0x3a, 0xef,
    0xd9, 0x10, 0xd, 0xfe, 0xcf, 0xfd, 0x0, 0x43,
    0x0, 0x1e, 0xf4, 0x0, 0x0, 0x11, 0x9f, 0x70,
    0x4d, 0xff, 0xff, 0xf7, 0x1f, 0xf6, 0x44, 0xaf,
    0x74, 0xfb, 0x0, 0xb, 0xf7, 0x1e, 0xfa, 0x8c,
    0xff, 0x70, 0x3b, 0xff, 0xa8, 0xf7,

    /* U+0102 "Ă" */
    0x0, 0x0, 0xac, 0x1, 0xc9, 0x0, 0x0, 0x0,
    0x0, 0x1c, 0xff, 0xc1, 0x0, 0x0, 0x0, 0x0,
    0x0, 0x11, 0x0, 0x0, 0x0, 0x0, 0x0, 0x4,
    0xff, 0x30, 0x0, 0x0, 0x0, 0x0, 0xa, 0xff,
    0xa0, 0x0, 0x0, 0x0, 0x0, 0x1f, 0xde, 0xf1,
    0x0, 0x0, 0x0, 0x0, 0x8f, 0x67, 0xf7, 0x0,
    0x0, 0x0, 0x0, 0xef, 0x1, 0xfe, 0x0, 0x0,
    0x0, 0x5, 0xf9, 0x0, 0xaf, 0x50, 0x0, 0x0,
    0xc, 0xf3, 0x0, 0x4f, 0xb0, 0x0, 0x0, 0x3f,
    0xfb, 0xbb, 0xbf, 0xf2, 0x0, 0x0, 0x9f, 0xff,
    0xff, 0xff, 0xf9, 0x0, 0x1, 0xff, 0x0, 0x0,
    0x1, 0xff, 0x0, 0x7, 0xf9, 0x0, 0x0, 0x0,
    0xaf, 0x60, 0xd, 0xf3, 0x0, 0x0, 0x0, 0x4f,
    0xd0,

    /* U+0103 "ă" */
    0x0, 0xe9, 0x2, 0xe6, 0x0, 0x4, 0xef, 0xfa,
    0x0, 0x0, 0x0, 0x21, 0x0, 0x0, 0x3a, 0xef,
    0xd9, 0x10, 0xd, 0xfe, 0xcf, 0xfd, 0x0, 0x43,
    0x0, 0x1e, 0xf4, 0x0, 0x0, 0x11, 0x9f, 0x70,
    0x4d, 0xff, 0xff, 0xf7, 0x1f, 0xf6, 0x44, 0xaf,
    0x74, 0xfb, 0x0, 0xb, 0xf7, 0x1e, 0xfa, 0x8c,
    0xff, 0x70, 0x3b, 0xff, 0xa8, 0xf7,

    /* U+0104 "Ą" */
    0x0, 0x0, 0x4, 0xff, 0x30, 0x0, 0x0, 0x0,
    0x0, 0xa, 0xff, 0xa0, 0x0, 0x0, 0x0, 0x0,
    0x1f, 0xde, 0xf1, 0x0, 0x0, 0x0, 0x0, 0x8f,
    0x67, 0xf7, 0x0, 0x0, 0x0, 0x0, 0xef, 0x1,
    0xfe, 0x0, 0x0, 0x0, 0x5, 0xf9, 0x0, 0xaf,
    0x50, 0x0, 0x0, 0xc, 0xf3, 0x0, 0x4f, 0xb0,
    0x0, 0x0, 0x3f, 0xfb, 0xbb, 0xbf, 0xf2, 0x0,
    0x0, 0x9f, 0xff, 0xff, 0xff, 0xf9, 0x0, 0x1,
    0xff, 0x0, 0x0, 0x1, 0xff, 0x0, 0x7, 0xf9,
    0x0, 0x0, 0x0, 0xaf, 0x60, 0xd, 0xf3, 0x0,
    0x0, 0x0, 0x4f, 0xf0, 0x0, 0x0, 0x0, 0x0,
    0x0, 0x7f, 0x50, 0x0, 0x0, 0x0, 0x0, 0x0,
    0xf5, 0x0, 0x0, 0x0, 0x0, 0x0, 0x1, 0xf5,
    0x0, 0x0, 0x0, 0x0, 0x0, 0x0, 0xaf, 0xf4,
    0x0, 0x0, 0x0, 0x0, 0x0, 0x1, 0x10,

    /* U+0105 "ą" */
    0x3, 0xae, 0xfd, 0x91, 0x0, 0xdf, 0xec, 0xff,
    0xd0, 0x4, 0x30, 0x1, 0xef, 0x40, 0x0, 0x1,
    0x19, 0xf7, 0x4, 0xdf, 0xff, 0xff, 0x71, 0xff,
    0x64, 0x4a, 0xf7, 0x4f, 0xb0, 0x0, 0xbf, 0x71,
    0xef, 0xa8, 0xcf, 0xf7, 0x3, 0xbf, 0xfa, 0xaf,
    0x90, 0x0, 0x0, 0x2e, 0x80, 0x0, 0x0, 0x9,
    0xb0, 0x0, 0x0, 0x0, 0xbb, 0x1, 0x0, 0x0,
    0x4, 0xff, 0xa0, 0x0, 0x0, 0x0, 0x10,

    /* U+0106 "Ć" */
    0x0, 0x0, 0x0, 0x3e, 0xd3, 0x0, 0x0, 0x0,
    0x4, 0xf9, 0x0, 0x0, 0x0, 0x0, 0x0, 0x0,
    0x0, 0x0, 0x0, 0x2, 0x9d, 0xfe, 0xb5, 0x0,
    0x0, 0x5f, 0xff, 0xef, 0xff, 0xa0, 0x3, 0xff,
    0x91, 0x0, 0x4e, 0x80, 0xc, 0xf9, 0x0, 0x0,
    0x1, 0x0, 0x1f, 0xf1, 0x0, 0x0, 0x0, 0x0,
    0x4f, 0xd0, 0x0, 0x0, 0x0, 0x0, 0x4f, 0xd0,
    0x0, 0x0, 0x0, 0x0, 0x1f, 0xf1, 0x0, 0x0,
    0x0, 0x0, 0xc, 0xf9, 0x0, 0x0, 0x1, 0x0,
    0x3, 0xff, 0x91, 0x0, 0x5e, 0x90, 0x0, 0x5f,
    0xff, 0xff, 0xff, 0xa0, 0x0, 0x2, 0x9e, 0xfe,
    0xb5, 0x0,

    /* U+0107 "ć" */
    0x0, 0x0, 0xb, 0xf7, 0x0, 0x0, 0xb, 0xd3,
    0x0, 0x0, 0x0, 0x0, 0x0, 0x0, 0x3, 0xae,
    0xfc, 0x60, 0x4, 0xff, 0xec, 0xff, 0x70, 0xef,
    0x70, 0x2, 0xc4, 0x4f, 0xd0, 0x0, 0x0, 0x5,
    0xfa, 0x0, 0x0, 0x0, 0x4f, 0xd0, 0x0, 0x0,
    0x0, 0xef, 0x70, 0x2, 0xc4, 0x4, 0xff, 0xed,
    0xff, 0x70, 0x3, 0xae, 0xfc, 0x60,

    /* U+0108 "Ĉ" */
    0x0, 0x0, 0x1c, 0xfe, 0x20, 0x0, 0x0, 0x1,
    0xdb, 0x29, 0xe3, 0x0, 0x0, 0x0, 0x0, 0x0,
    0x0, 0x0, 0x0, 0x2, 0x9d, 0xfe, 0xb5, 0x0,
    0x0, 0x5f, 0xff, 0xef, 0xff, 0xa0, 0x3, 0xff,
    0x91, 0x0, 0x4e, 0x80, 0xc, 0xf9, 0x0, 0x0,
    0x1, 0x0, 0x1f, 0xf1, 0x0, 0x0, 0x0, 0x0,
    0x4f, 0xd0, 0x0, 0x0, 0x0, 0x0, 0x4f, 0xd0,
    0x0, 0x0, 0x0, 0x0, 0x1f, 0xf1, 0x0, 0x0,
    0x0, 0x0, 0xc, 0xf9, 0x0, 0x0, 0x1, 0x0,
    0x3, 0xff, 0x91, 0x0, 0x5e, 0x90, 0x0, 0x5f,
    0xff, 0xff, 0xff, 0xa0, 0x0, 0x2, 0x9e, 0xfe,
    0xb5, 0x0,

    /* U+0109 "ĉ" */
    0x0, 0x7, 0xff, 0x70, 0x0, 0x8, 0xf4, 0x5f,
    0x70, 0x0, 0x0, 0x0, 0x0, 0x0, 0x3, 0xae,
    0xfc, 0x60, 0x4, 0xff, 0xec, 0xff, 0x70, 0xef,
    0x70, 0x2, 0xc4, 0x4f, 0xd0, 0x0, 0x0, 0x5,
    0xfa, 0x0, 0x0, 0x0, 0x4f, 0xd0, 0x0, 0x0,
    0x0, 0xef, 0x70, 0x2, 0xc4, 0x4, 0xff, 0xed,
    0xff, 0x70, 0x3, 0xae, 0xfc, 0x60,

    /* U+010A "Ċ" */
    0x0, 0x0, 0x0, 0x51, 0x0, 0x0, 0x0, 0x0,
    0x7, 0xfa, 0x0, 0x0, 0x0, 0x0, 0x4, 0xf7,
    0x0, 0x0, 0x0, 0x0, 0x0, 0x0, 0x0, 0x0,
    0x0, 0x2, 0x9d, 0xfe, 0xb5, 0x0, 0x0, 0x5f,
    0xff, 0xef, 0xff, 0xa0, 0x3, 0xff, 0x91, 0x0,
    0x4e, 0x80, 0xc, 0xf9, 0x0, 0x0, 0x1, 0x0,
    0x1f, 0xf1, 0x0, 0x0, 0x0, 0x0, 0x4f, 0xd0,
    0x0, 0x0, 0x0, 0x0, 0x4f, 0xd0, 0x0, 0x0,
    0x0, 0x0, 0x1f, 0xf1, 0x0, 0x0, 0x0, 0x0,
    0xc, 0xf9, 0x0, 0x0, 0x1, 0x0, 0x3, 0xff,
    0x91, 0x0, 0x5e, 0x90, 0x0, 0x5f, 0xff, 0xff,
    0xff, 0xa0, 0x0, 0x2, 0x9e, 0xfe, 0xb5, 0x0,

    /* U+010B "ċ" */
    0x0, 0x0, 0x54, 0x0, 0x0, 0x0, 0x1f, 0xf1,
    0x0, 0x0, 0x0, 0xba, 0x0, 0x0, 0x0, 0x0,
    0x0, 0x0, 0x0, 0x3a, 0xef, 0xc6, 0x0, 0x4f,
    0xfe, 0xcf, 0xf7, 0xe, 0xf7, 0x0, 0x2c, 0x44,
    0xfd, 0x0, 0x0, 0x0, 0x5f, 0xa0, 0x0, 0x0,
    0x4, 0xfd, 0x0, 0x0, 0x0, 0xe, 0xf7, 0x0,
    0x2c, 0x40, 0x4f, 0xfe, 0xdf, 0xf7, 0x0, 0x3a,
    0xef, 0xc6, 0x0,

    /* U+010C "Č" */
    0x0, 0x1, 0xdb, 0x29, 0xe3, 0x0, 0x0, 0x0,
    0x1c, 0xfe, 0x20, 0x0, 0x0, 0x0, 0x0, 0x0,
    0x0, 0x0, 0x0, 0x2, 0x9d, 0xfe, 0xb5, 0x0,
    0x0, 0x5f, 0xff, 0xef, 0xff, 0xa0, 0x3, 0xff,
    0x91, 0x0, 0x4e, 0x80, 0xc, 0xf9, 0x0, 0x0,
    0x1, 0x0, 0x1f, 0xf1, 0x0, 0x0, 0x0, 0x0,
    0x4f, 0xd0, 0x0, 0x0, 0x0, 0x0, 0x4f, 0xd0,
    0x0, 0x0, 0x0, 0x0, 0x1f, 0xf1, 0x0, 0x0,
    0x0, 0x0, 0xc, 0xf9, 0x0, 0x0, 0x1, 0x0,
    0x3, 0xff, 0x91, 0x0, 0x5e, 0x90, 0x0, 0x5f,
    0xff, 0xff, 0xff, 0xa0, 0x0, 0x2, 0x9e, 0xfe,
    0xb5, 0x0,

    /* U+010D "č" */
    0x0, 0x8e, 0x45, 0xf8, 0x0, 0x0, 0x7f, 0xf7,
    0x0, 0x0, 0x0, 0x0, 0x0, 0x0, 0x3, 0xae,
    0xfc, 0x60, 0x4, 0xff, 0xec, 0xff, 0x70, 0xef,
    0x70, 0x2, 0xc4, 0x4f, 0xd0, 0x0, 0x0, 0x5,
    0xfa, 0x0, 0x0, 0x0, 0x4f, 0xd0, 0x0, 0x0,
    0x0, 0xef, 0x70, 0x2, 0xc4, 0x4, 0xff, 0xed,
    0xff, 0x70, 0x3, 0xae, 0xfc, 0x60,

    /* U+010E "Ď" */
    0x0, 0xae, 0x33, 0xea, 0x0, 0x0, 0x0, 0xb,
    0xff, 0xb0, 0x0, 0x0, 0x0, 0x1, 0x77, 0x10,
    0x0, 0x0, 0x8f, 0xff, 0xff, 0xea, 0x40, 0x0,
    0x8f, 0xed, 0xdd, 0xff, 0xf9, 0x0, 0x8f, 0x90,
    0x0, 0x6, 0xff, 0x70, 0x8f, 0x90, 0x0, 0x0,
    0x5f, 0xf0, 0x8f, 0x90, 0x0, 0x0, 0xd, 0xf5,
    0x8f, 0x90, 0x0, 0x0, 0xa, 0xf7, 0x8f, 0x90,
    0x0, 0x0, 0xa, 0xf7, 0x8f, 0x90, 0x0, 0x0,
    0xd, 0xf5, 0x8f, 0x90, 0x0, 0x0, 0x4f, 0xf0,
    0x8f, 0x90, 0x0, 0x6, 0xff, 0x70, 0x8f, 0xed,
    0xdd, 0xff, 0xf9, 0x0, 0x8f, 0xff, 0xff, 0xea,
    0x40, 0x0,

    /* U+010F "ď" */
    0x0, 0x0, 0x0, 0x0, 0x0, 0xf, 0x90, 0x0,
    0x0, 0x0, 0x5f, 0xb0, 0xf8, 0x0, 0x0, 0x0,
    0x5, 0xfb, 0xf, 0x70, 0x0, 0x0, 0x0, 0x5f,
    0xb0, 0x41, 0x0, 0x4b, 0xff, 0xa6, 0xfb, 0x0,
    0x0, 0x5f, 0xfe, 0xdf, 0xff, 0xb0, 0x0, 0xe,
    0xf7, 0x0, 0x2e, 0xfb, 0x0, 0x4, 0xfc, 0x0,
    0x0, 0x7f, 0xb0, 0x0, 0x5f, 0xa0, 0x0, 0x4,
    0xfb, 0x0, 0x4, 0xfc, 0x0, 0x0, 0x7f, 0xb0,
    0x0, 0xe, 0xf6, 0x0, 0x2e, 0xfb, 0x0, 0x0,
    0x5f, 0xfe, 0xdf, 0xff, 0xb0, 0x0, 0x0, 0x4c,
    0xff, 0xa5, 0xfb, 0x0, 0x0,

    /* U+0110 "Đ" */
    0x5, 0xff, 0xff, 0xfe, 0xb5, 0x0, 0x0, 0x5f,
    0xfd, 0xdd, 0xff, 0xfb, 0x0, 0x5, 0xfc, 0x0,
    0x0, 0x5e, 0xfa, 0x0, 0x5f, 0xc0, 0x0, 0x0,
    0x3f, 0xf2, 0x5, 0xfc, 0x0, 0x0, 0x0, 0xaf,
    0x78, 0xff, 0xf9, 0x97, 0x0, 0x7, 0xf9, 0xef,
    0xff, 0xff, 0xc0, 0x0, 0x7f, 0x90, 0x5f, 0xc0,
    0x0, 0x0, 0xa, 0xf7, 0x5, 0xfc, 0x0, 0x0,
    0x2, 0xff, 0x20, 0x5f, 0xc0, 0x0, 0x4, 0xef,
    0xa0, 0x5, 0xff, 0xdd, 0xdf, 0xff, 0xb0, 0x0,
    0x5f, 0xff, 0xff, 0xeb, 0x50, 0x0,

    /* U+0111 "đ" */
    0x0, 0x0, 0x7f, 0xff, 0xff, 0xf0, 0x0, 0x2,
    0x55, 0xaf, 0xf5, 0x0, 0x0, 0x0, 0x5, 0xfb,
    0x0, 0x4, 0xbf, 0xfa, 0x6f, 0xb0, 0x5, 0xff,
    0xed, 0xff, 0xfb, 0x0, 0xef, 0x70, 0x2, 0xef,
    0xb0, 0x4f, 0xc0, 0x0, 0x7, 0xfb, 0x5, 0xfa,
    0x0, 0x0, 0x4f, 0xb0, 0x4f, 0xc0, 0x0, 0x7,
    0xfb, 0x0, 0xef, 0x60, 0x2, 0xef, 0xb0, 0x5,
    0xff, 0xed, 0xff, 0xfb, 0x0, 0x4, 0xcf, 0xfa,
    0x5f, 0xb0,

    /* U+0112 "Ē" */
    0x0, 0x0, 0x0, 0x0, 0x0, 0x2f, 0xff, 0xff,
    0x60, 0x0, 0x33, 0x33, 0x31, 0x8, 0xff, 0xff,
    0xff, 0xfb, 0x8f, 0xed, 0xdd, 0xdd, 0x98, 0xf9,
    0x0, 0x0, 0x0, 0x8f, 0x90, 0x0, 0x0, 0x8,
    0xf9, 0x0, 0x0, 0x0, 0x8f, 0xec, 0xcc, 0xcc,
    0x8, 0xff, 0xff, 0xff, 0xf0, 0x8f, 0x90, 0x0,
    0x0, 0x8, 0xf9, 0x0, 0x0, 0x0, 0x8f, 0x90,
    0x0, 0x0, 0x8, 0xfe, 0xdd, 0xdd, 0xdb, 0x8f,
    0xff, 0xff, 0xff, 0xe0,

    /* U+0113 "ē" */
    0x0, 0xcf, 0xff, 0xfc, 0x0, 0x0, 0x34, 0x44,
    0x43, 0x0, 0x0, 0x0, 0x0, 0x0, 0x0, 0x0,
    0x3b, 0xef, 0xb3, 0x0, 0x5, 0xff, 0xcc, 0xff,
    0x40, 0xe, 0xf4, 0x0, 0x4f, 0xe0, 0x4f, 0xc1,
    0x11, 0x1b, 0xf3, 0x5f, 0xff, 0xff, 0xff, 0xf5,
    0x4f, 0xd4, 0x44, 0x44, 0x41, 0xe, 0xf6, 0x0,
    0x7, 0x0, 0x4, 0xff, 0xec, 0xff, 0x80, 0x0,
    0x3a, 0xef, 0xd8, 0x0,

    /* U+0114 "Ĕ" */
    0x0, 0xf6, 0x3, 0xf3, 0x0, 0x6, 0xef, 0xf8,
    0x0, 0x0, 0x0, 0x10, 0x0, 0x8, 0xff, 0xff,
    0xff, 0xfb, 0x8f, 0xed, 0xdd, 0xdd, 0x98, 0xf9,
    0x0, 0x0, 0x0, 0x8f, 0x90, 0x0, 0x0, 0x8,
    0xf9, 0x0, 0x0, 0x0, 0x8f, 0xec, 0xcc, 0xcc,
    0x8, 0xff, 0xff, 0xff, 0xf0, 0x8f, 0x90, 0x0,
    0x0, 0x8, 0xf9, 0x0, 0x0, 0x0, 0x8f, 0x90,
    0x0, 0x0, 0x8, 0xfe, 0xdd, 0xdd, 0xdb, 0x8f,
    0xff, 0xff, 0xff, 0xe0,

    /* U+0115 "ĕ" */
    0x0, 0xab, 0x11, 0xc9, 0x0, 0x0, 0x2d, 0xff,
    0xc1, 0x0, 0x0, 0x0, 0x11, 0x0, 0x0, 0x0,
    0x3b, 0xef, 0xb3, 0x0, 0x5, 0xff, 0xcc, 0xff,
    0x40, 0xe, 0xf4, 0x0, 0x4f, 0xe0, 0x4f, 0xc1,
    0x11, 0x1b, 0xf3, 0x5f, 0xff, 0xff, 0xff, 0xf5,
    0x4f, 0xd4, 0x44, 0x44, 0x41, 0xe, 0xf6, 0x0,
    0x7, 0x0, 0x4, 0xff, 0xec, 0xff, 0x80, 0x0,
    0x3a, 0xef, 0xd8, 0x0,

    /* U+0116 "Ė" */
    0x0, 0x4, 0xf7, 0x0, 0x0, 0x0, 0x7f, 0xa0,
    0x0, 0x0, 0x0, 0x51, 0x0, 0x8, 0xff, 0xff,
    0xff, 0xfb, 0x8f, 0xed, 0xdd, 0xdd, 0x98, 0xf9,
    0x0, 0x0, 0x0, 0x8f, 0x90, 0x0, 0x0, 0x8,
    0xf9, 0x0, 0x0, 0x0, 0x8f, 0xec, 0xcc, 0xcc,
    0x8, 0xff, 0xff, 0xff, 0xf0, 0x8f, 0x90, 0x0,
    0x0, 0x8, 0xf9, 0x0, 0x0, 0x0, 0x8f, 0x90,
    0x0, 0x0, 0x8, 0xfe, 0xdd, 0xdd, 0xdb, 0x8f,
    0xff, 0xff, 0xff, 0xe0,

    /* U+0117 "ė" */
    0x0, 0x0, 0x54, 0x0, 0x0, 0x0, 0x1, 0xff,
    0x0, 0x0, 0x0, 0x0, 0xba, 0x0, 0x0, 0x0,
    0x0, 0x0, 0x0, 0x0, 0x0, 0x3b, 0xef, 0xb3,
    0x0, 0x5, 0xff, 0xcc, 0xff, 0x40, 0xe, 0xf4,
    0x0, 0x4f, 0xe0, 0x4f, 0xc1, 0x11, 0x1b, 0xf3,
    0x5f, 0xff, 0xff, 0xff, 0xf5, 0x4f, 0xd4, 0x44,
    0x44, 0x41, 0xe, 0xf6, 0x0, 0x7, 0x0, 0x4,
    0xff, 0xec, 0xff, 0x80, 0x0, 0x3a, 0xef, 0xd8,
    0x0,

    /* U+0118 "Ę" */
    0x8f, 0xff, 0xff, 0xff, 0xb0, 0x8f, 0xed, 0xdd,
    0xdd, 0x90, 0x8f, 0x90, 0x0, 0x0, 0x0, 0x8f,
    0x90, 0x0, 0x0, 0x0, 0x8f, 0x90, 0x0, 0x0,
    0x0, 0x8f, 0xec, 0xcc, 0xcc, 0x0, 0x8f, 0xff,
    0xff, 0xff, 0x0, 0x8f, 0x90, 0x0, 0x0, 0x0,
    0x8f, 0x90, 0x0, 0x0, 0x0, 0x8f, 0x90, 0x0,
    0x0, 0x0, 0x8f, 0xed, 0xdd, 0xdd, 0xb0, 0x8f,
    0xff, 0xff, 0xff, 0xf0, 0x0, 0x0, 0x0, 0x8e,
    0x30, 0x0, 0x0, 0x2, 0xf3, 0x0, 0x0, 0x0,
    0x4, 0xf3, 0x10, 0x0, 0x0, 0x0, 0xcf, 0xf1,
    0x0, 0x0, 0x0, 0x1, 0x0,

    /* U+0119 "ę" */
    0x0, 0x3b, 0xef, 0xb3, 0x0, 0x5, 0xff, 0xcc,
    0xff, 0x40, 0xe, 0xf4, 0x0, 0x4f, 0xe0, 0x4f,
    0xc1, 0x11, 0x1b, 0xf3, 0x5f, 0xff, 0xff, 0xff,
    0xf5, 0x4f, 0xd4, 0x44, 0x44, 0x41, 0xe, 0xf6,
    0x0, 0x7, 0x0, 0x4, 0xff, 0xec, 0xff, 0x80,
    0x0, 0x3a, 0xef, 0xfc, 0x10, 0x0, 0x0, 0x8,
    0xe1, 0x0, 0x0, 0x0, 0xe, 0x70, 0x0, 0x0,
    0x0, 0xe, 0x80, 0x10, 0x0, 0x0, 0x6, 0xff,
    0x70, 0x0, 0x0, 0x0, 0x11, 0x0,

    /* U+011A "Ě" */
    0x1, 0xea, 0x8, 0xf4, 0x0, 0x3, 0xfe, 0xf5,
    0x0, 0x0, 0x4, 0x85, 0x0, 0x8, 0xff, 0xff,
    0xff, 0xfb, 0x8f, 0xed, 0xdd, 0xdd, 0x98, 0xf9,
    0x0, 0x0, 0x0, 0x8f, 0x90, 0x0, 0x0, 0x8,
    0xf9, 0x0, 0x0, 0x0, 0x8f, 0xec, 0xcc, 0xcc,
    0x8, 0xff, 0xff, 0xff, 0xf0, 0x8f, 0x90, 0x0,
    0x0, 0x8, 0xf9, 0x0, 0x0, 0x0, 0x8f, 0x90,
    0x0, 0x0, 0x8, 0xfe, 0xdd, 0xdd, 0xdb, 0x8f,
    0xff, 0xff, 0xff, 0xe0,

    /* U+011B "ě" */
    0x0, 0x8e, 0x45, 0xf8, 0x0, 0x0, 0x7, 0xff,
    0x70, 0x0, 0x0, 0x0, 0x0, 0x0, 0x0, 0x0,
    0x3b, 0xef, 0xb3, 0x0, 0x5, 0xff, 0xcc, 0xff,
    0x40, 0xe, 0xf4, 0x0, 0x4f, 0xe0, 0x4f, 0xc1,
    0x11, 0x1b, 0xf3, 0x5f, 0xff, 0xff, 0xff, 0xf5,
    0x4f, 0xd4, 0x44, 0x44, 0x41, 0xe, 0xf6, 0x0,
    0x7, 0x0, 0x4, 0xff, 0xec, 0xff, 0x80, 0x0,
    0x3a, 0xef, 0xd8, 0x0,

    /* U+011C "Ĝ" */
    0x0, 0x0, 0xc, 0xfe, 0x20, 0x0, 0x0, 0x1,
    0xcc, 0x29, 0xe3, 0x0, 0x0, 0x0, 0x0, 0x0,
    0x0, 0x0, 0x0, 0x2, 0x9d, 0xfe, 0xc6, 0x0,
    0x0, 0x5f, 0xff, 0xef, 0xff, 0xc0, 0x3, 0xff,
    0xa2, 0x0, 0x3c, 0xa0, 0xc, 0xf9, 0x0, 0x0,
    0x0, 0x0, 0x1f, 0xf1, 0x0, 0x0, 0x0, 0x0,
    0x4f, 0xd0, 0x0, 0x0, 0x1, 0x20, 0x4f, 0xd0,
    0x0, 0x0, 0xd, 0xf2, 0x1f, 0xf1, 0x0, 0x0,
    0xd, 0xf2, 0xc, 0xf9, 0x0, 0x0, 0xd, 0xf2,
    0x3, 0xff, 0xa2, 0x0, 0x3e, 0xf2, 0x0, 0x5f,
    0xff, 0xff, 0xff, 0xe1, 0x0, 0x2, 0x9d, 0xff,
    0xc7, 0x0,

    /* U+011D "ĝ" */
    0x0, 0x2, 0xef, 0xb0, 0x0, 0x0, 0x3e, 0x92,
    0xcc, 0x10, 0x0, 0x0, 0x0, 0x0, 0x0, 0x0,
    0x4b, 0xff, 0xb4, 0xfc, 0x5, 0xff, 0xed, 0xff,
    0xfc, 0xe, 0xf7, 0x0, 0x2e, 0xfc, 0x4f, 0xd0,
    0x0, 0x5, 0xfc, 0x5f, 0xa0, 0x0, 0x3, 0xfc,
    0x4f, 0xd0, 0x0, 0x6, 0xfc, 0xe, 0xf7, 0x0,
    0x2e, 0xfc, 0x5, 0xff, 0xed, 0xff, 0xfc, 0x0,
    0x4b, 0xff, 0xb6, 0xfb, 0x1, 0x30, 0x0, 0xb,
    0xf7, 0xb, 0xfe, 0xdc, 0xff, 0xd0, 0x1, 0x8d,
    0xff, 0xd9, 0x10,

    /* U+011E "Ğ" */
    0x0, 0x0, 0xf7, 0x3, 0xf4, 0x0, 0x0, 0x0,
    0x5e, 0xff, 0x80, 0x0, 0x0, 0x0, 0x0, 0x10,
    0x0, 0x0, 0x0, 0x2, 0x9d, 0xfe, 0xc6, 0x0,
    0x0, 0x5f, 0xff, 0xef, 0xff, 0xc0, 0x3, 0xff,
    0xa2, 0x0, 0x3c, 0xa0, 0xc, 0xf9, 0x0, 0x0,
    0x0, 0x0, 0x1f, 0xf1, 0x0, 0x0, 0x0, 0x0,
    0x4f, 0xd0, 0x0, 0x0, 0x1, 0x20, 0x4f, 0xd0,
    0x0, 0x0, 0xd, 0xf2, 0x1f, 0xf1, 0x0, 0x0,
    0xd, 0xf2, 0xc, 0xf9, 0x0, 0x0, 0xd, 0xf2,
    0x3, 0xff, 0xa2, 0x0, 0x3e, 0xf2, 0x0, 0x5f,
    0xff, 0xff, 0xff, 0xe1, 0x0, 0x2, 0x9d, 0xff,
    0xc7, 0x0,

    /* U+011F "ğ" */
    0x0, 0x2d, 0xff, 0xfb, 0x0, 0x0, 0x0, 0x12,
    0x0, 0x0, 0x0, 0x0, 0x0, 0x0, 0x0, 0x0,
    0x4b, 0xff, 0xb4, 0xfc, 0x5, 0xff, 0xed, 0xff,
    0xfc, 0xe, 0xf7, 0x0, 0x2e, 0xfc, 0x4f, 0xd0,
    0x0, 0x5, 0xfc, 0x5f, 0xa0, 0x0, 0x3, 0xfc,
    0x4f, 0xd0, 0x0, 0x6, 0xfc, 0xe, 0xf7, 0x0,
    0x2e, 0xfc, 0x5, 0xff, 0xed, 0xff, 0xfc, 0x0,
    0x4b, 0xff, 0xb6, 0xfb, 0x1, 0x30, 0x0, 0xb,
    0xf7, 0xb, 0xfe, 0xdc, 0xff, 0xd0, 0x1, 0x8d,
    0xff, 0xd9, 0x10,

    /* U+0120 "Ġ" */
    0x0, 0x0, 0x0, 0x51, 0x0, 0x0, 0x0, 0x0,
    0x6, 0xfa, 0x0, 0x0, 0x0, 0x0, 0x4, 0xf7,
    0x0, 0x0, 0x0, 0x0, 0x0, 0x0, 0x0, 0x0,
    0x0, 0x2, 0x9d, 0xfe, 0xc6, 0x0, 0x0, 0x5f,
    0xff, 0xef, 0xff, 0xc0, 0x3, 0xff, 0xa2, 0x0,
    0x3c, 0xa0, 0xc, 0xf9, 0x0, 0x0, 0x0, 0x0,
    0x1f, 0xf1, 0x0, 0x0, 0x0, 0x0, 0x4f, 0xd0,
    0x0, 0x0, 0x1, 0x20, 0x4f, 0xd0, 0x0, 0x0,
    0xd, 0xf2, 0x1f, 0xf1, 0x0, 0x0, 0xd, 0xf2,
    0xc, 0xf9, 0x0, 0x0, 0xd, 0xf2, 0x3, 0xff,
    0xa2, 0x0, 0x3e, 0xf2, 0x0, 0x5f, 0xff, 0xff,
    0xff, 0xe1, 0x0, 0x2, 0x9d, 0xff, 0xc7, 0x0,

    /* U+0121 "ġ" */
    0x0, 0x0, 0x27, 0x0, 0x0, 0x0, 0x0, 0xbf,
    0x70, 0x0, 0x0, 0x0, 0x6d, 0x30, 0x0, 0x0,
    0x0, 0x0, 0x0, 0x0, 0x0, 0x4b, 0xff, 0xb4,
    0xfc, 0x5, 0xff, 0xed, 0xff, 0xfc, 0xe, 0xf7,
    0x0, 0x2e, 0xfc, 0x4f, 0xd0, 0x0, 0x5, 0xfc,
    0x5f, 0xa0, 0x0, 0x3, 0xfc, 0x4f, 0xd0, 0x0,
    0x6, 0xfc, 0xe, 0xf7, 0x0, 0x2e, 0xfc, 0x5,
    0xff, 0xed, 0xff, 0xfc, 0x0, 0x4b, 0xff, 0xb6,
    0xfb, 0x1, 0x30, 0x0, 0xb, 0xf7, 0xb, 0xfe,
    0xdc, 0xff, 0xd0, 0x1, 0x8d, 0xff, 0xd9, 0x10,

    /* U+0122 "Ģ" */
    0x0, 0x2, 0x9d, 0xfe, 0xc6, 0x0, 0x0, 0x5f,
    0xff, 0xef, 0xff, 0xc0, 0x3, 0xff, 0xa2, 0x0,
    0x3c, 0xa0, 0xc, 0xf9, 0x0, 0x0, 0x0, 0x0,
    0x1f, 0xf1, 0x0, 0x0, 0x0, 0x0, 0x4f, 0xd0,
    0x0, 0x0, 0x1, 0x20, 0x4f, 0xd0, 0x0, 0x0,
    0xd, 0xf2, 0x1f, 0xf1, 0x0, 0x0, 0xd, 0xf2,
    0xc, 0xf9, 0x0, 0x0, 0xd, 0xf2, 0x3, 0xff,
    0xa2, 0x0, 0x3e, 0xf2, 0x0, 0x5f, 0xff, 0xff,
    0xff, 0xe1, 0x0, 0x2, 0x9d, 0xff, 0xc7, 0x0,
    0x0, 0x0, 0x0, 0x0, 0x0, 0x0, 0x0, 0x0,
    0x4, 0xe4, 0x0, 0x0, 0x0, 0x0, 0x3, 0xf5,
    0x0, 0x0, 0x0, 0x0, 0x2, 0xe0, 0x0, 0x0,
    0x0, 0x0, 0x0, 0x0, 0x0, 0x0,

    /* U+0123 "ģ" */
    0x0, 0x0, 0xe, 0x30, 0x0, 0x0, 0x0, 0x6f,
    0x0, 0x0, 0x0, 0x0, 0xaf, 0x50, 0x0, 0x0,
    0x0, 0x14, 0x0, 0x0, 0x0, 0x0, 0x0, 0x0,
    0x0, 0x0, 0x4b, 0xff, 0xb4, 0xfc, 0x5, 0xff,
    0xed, 0xff, 0xfc, 0xe, 0xf7, 0x0, 0x2e, 0xfc,
    0x4f, 0xd0, 0x0, 0x5, 0xfc, 0x5f, 0xa0, 0x0,
    0x3, 0xfc, 0x4f, 0xd0, 0x0, 0x6, 0xfc, 0xe,
    0xf7, 0x0, 0x2e, 0xfc, 0x5, 0xff, 0xed, 0xff,
    0xfc, 0x0, 0x4b, 0xff, 0xb6, 0xfb, 0x1, 0x30,
    0x0, 0xb, 0xf7, 0xb, 0xfe, 0xdc, 0xff, 0xd0,
    0x1, 0x8d, 0xff, 0xd9, 0x10,

    /* U+0124 "Ĥ" */
    0x0, 0x0, 0xdf, 0xc0, 0x0, 0x0, 0x0, 0xbe,
    0x6e, 0xa0, 0x0, 0x0, 0x28, 0x20, 0x28, 0x20,
    0x8, 0xf9, 0x0, 0x0, 0xa, 0xf7, 0x8f, 0x90,
    0x0, 0x0, 0xaf, 0x78, 0xf9, 0x0, 0x0, 0xa,
    0xf7, 0x8f, 0x90, 0x0, 0x0, 0xaf, 0x78, 0xf9,
    0x0, 0x0, 0xa, 0xf7, 0x8f, 0xed, 0xdd, 0xdd,
    0xff, 0x78, 0xff, 0xff, 0xff, 0xff, 0xf7, 0x8f,
    0x90, 0x0, 0x0, 0xaf, 0x78, 0xf9, 0x0, 0x0,
    0xa, 0xf7, 0x8f, 0x90, 0x0, 0x0, 0xaf, 0x78,
    0xf9, 0x0, 0x0, 0xa, 0xf7, 0x8f, 0x90, 0x0,
    0x0, 0xaf, 0x70,

    /* U+0125 "ĥ" */
    0x0, 0x68, 0x30, 0x0, 0x0, 0x0, 0x7f, 0xee,
    0x20, 0x0, 0x0, 0x5f, 0x60, 0xbd, 0x10, 0x0,
    0x0, 0x0, 0x0, 0x0, 0x0, 0x0, 0x0, 0xbf,
    0x50, 0x0, 0x0, 0x0, 0xb, 0xf5, 0x0, 0x0,
    0x0, 0x0, 0xbf, 0x50, 0x0, 0x0, 0x0, 0xb,
    0xf7, 0xae, 0xfc, 0x30, 0x0, 0xbf, 0xff, 0xdf,
    0xff, 0x20, 0xb, 0xfe, 0x20, 0xc, 0xf8, 0x0,
    0xbf, 0x70, 0x0, 0x5f, 0xb0, 0xb, 0xf5, 0x0,
    0x4, 0xfb, 0x0, 0xbf, 0x50, 0x0, 0x4f, 0xb0,
    0xb, 0xf5, 0x0, 0x4, 0xfb, 0x0, 0xbf, 0x50,
    0x0, 0x4f, 0xb0, 0xb, 0xf5, 0x0, 0x4, 0xfb,

    /* U+0126 "Ħ" */
    0x5, 0xfc, 0x0, 0x0, 0x7, 0xf9, 0x0, 0x5,
    0xfc, 0x0, 0x0, 0x7, 0xf9, 0x0, 0xdf, 0xff,
    0xff, 0xff, 0xff, 0xff, 0xf2, 0x8b, 0xfe, 0x99,
    0x99, 0x9c, 0xfd, 0x91, 0x5, 0xfc, 0x0, 0x0,
    0x7, 0xf9, 0x0, 0x5, 0xff, 0xdd, 0xdd, 0xde,
    0xf9, 0x0, 0x5, 0xff, 0xff, 0xff, 0xff, 0xf9,
    0x0, 0x5, 0xfc, 0x0, 0x0, 0x7, 0xf9, 0x0,
    0x5, 0xfc, 0x0, 0x0, 0x7, 0xf9, 0x0, 0x5,
    0xfc, 0x0, 0x0, 0x7, 0xf9, 0x0, 0x5, 0xfc,
    0x0, 0x0, 0x7, 0xf9, 0x0, 0x5, 0xfc, 0x0,
    0x0, 0x7, 0xf9, 0x0,

    /* U+0127 "ħ" */
    0xff, 0xff, 0xff, 0x40, 0x0, 0x5a, 0xfa, 0x55,
    0x10, 0x0, 0x7, 0xf8, 0x0, 0x0, 0x0, 0x7,
    0xf9, 0x9e, 0xfd, 0x50, 0x7, 0xff, 0xfe, 0xef,
    0xf4, 0x7, 0xff, 0x40, 0x9, 0xfb, 0x7, 0xfa,
    0x0, 0x2, 0xfe, 0x7, 0xf8, 0x0, 0x1, 0xfe,
    0x7, 0xf8, 0x0, 0x1, 0xfe, 0x7, 0xf8, 0x0,
    0x1, 0xfe, 0x7, 0xf8, 0x0, 0x1, 0xfe, 0x7,
    0xf8, 0x0, 0x1, 0xfe,

    /* U+0128 "Ĩ" */
    0x0, 0x0, 0x0, 0x0, 0x8f, 0xb3, 0xf1, 0xf,
    0x7c, 0xfb, 0x0, 0x30, 0x2, 0x0, 0x0, 0x8f,
    0x90, 0x0, 0x8, 0xf9, 0x0, 0x0, 0x8f, 0x90,
    0x0, 0x8, 0xf9, 0x0, 0x0, 0x8f, 0x90, 0x0,
    0x8, 0xf9, 0x0, 0x0, 0x8f, 0x90, 0x0, 0x8,
    0xf9, 0x0, 0x0, 0x8f, 0x90, 0x0, 0x8, 0xf9,
    0x0, 0x0, 0x8f, 0x90, 0x0, 0x8, 0xf9, 0x0,

    /* U+0129 "ĩ" */
    0xc, 0xff, 0xf9, 0x3, 0x33, 0x30, 0x0, 0x0,
    0x0, 0x0, 0xbf, 0x50, 0x0, 0xbf, 0x50, 0x0,
    0xbf, 0x50, 0x0, 0xbf, 0x50, 0x0, 0xbf, 0x50,
    0x0, 0xbf, 0x50, 0x0, 0xbf, 0x50, 0x0, 0xbf,
    0x50, 0x0, 0xbf, 0x50,

    /* U+012A "Ī" */
    0x0, 0x0, 0xb, 0xff, 0xfc, 0x23, 0x33, 0x20,
    0x8f, 0x90, 0x8, 0xf9, 0x0, 0x8f, 0x90, 0x8,
    0xf9, 0x0, 0x8f, 0x90, 0x8, 0xf9, 0x0, 0x8f,
    0x90, 0x8, 0xf9, 0x0, 0x8f, 0x90, 0x8, 0xf9,
    0x0, 0x8f, 0x90, 0x8, 0xf9, 0x0,

    /* U+012B "ī" */
    0xff, 0xff, 0x93, 0x44, 0x42, 0x0, 0x0, 0x0,
    0xbf, 0x50, 0xb, 0xf5, 0x0, 0xbf, 0x50, 0xb,
    0xf5, 0x0, 0xbf, 0x50, 0xb, 0xf5, 0x0, 0xbf,
    0x50, 0xb, 0xf5, 0x0, 0xbf, 0x50,

    /* U+012C "Ĭ" */
    0x1f, 0x60, 0x4f, 0x20, 0x6f, 0xff, 0x70, 0x0,
    0x1, 0x0, 0x0, 0x8, 0xf9, 0x0, 0x0, 0x8f,
    0x90, 0x0, 0x8, 0xf9, 0x0, 0x0, 0x8f, 0x90,
    0x0, 0x8, 0xf9, 0x0, 0x0, 0x8f, 0x90, 0x0,
    0x8, 0xf9, 0x0, 0x0, 0x8f, 0x90, 0x0, 0x8,
    0xf9, 0x0, 0x0, 0x8f, 0x90, 0x0, 0x8, 0xf9,
    0x0, 0x0, 0x8f, 0x90, 0x0,

    /* U+012D "ĭ" */
    0xf, 0x60, 0xb9, 0x6, 0xff, 0xd2, 0x0, 0x1,
    0x0, 0x0, 0xbf, 0x50, 0x0, 0xbf, 0x50, 0x0,
    0xbf, 0x50, 0x0, 0xbf, 0x50, 0x0, 0xbf, 0x50,
    0x0, 0xbf, 0x50, 0x0, 0xbf, 0x50, 0x0, 0xbf,
    0x50, 0x0, 0xbf, 0x50,

    /* U+012E "Į" */
    0x8f, 0x90, 0x8f, 0x90, 0x8f, 0x90, 0x8f, 0x90,
    0x8f, 0x90, 0x8f, 0x90, 0x8f, 0x90, 0x8f, 0x90,
    0x8f, 0x90, 0x8f, 0x90, 0x8f, 0x90, 0x8f, 0xb0,
    0x2f, 0x30, 0x9b, 0x0, 0xbc, 0x0, 0x4f, 0xf0,
    0x0, 0x10,

    /* U+012F "į" */
    0x3, 0x70, 0xe, 0xf8, 0x9, 0xf4, 0x0, 0x0,
    0xb, 0xf5, 0xb, 0xf5, 0xb, 0xf5, 0xb, 0xf5,
    0xb, 0xf5, 0xb, 0xf5, 0xb, 0xf5, 0xb, 0xf5,
    0xb, 0xf5, 0x6, 0xd0, 0xe, 0x70, 0xf, 0x70,
    0x8, 0xfb, 0x0, 0x10,

    /* U+0130 "İ" */
    0x5f, 0x68, 0xf9, 0x5, 0x8, 0xf9, 0x8f, 0x98,
    0xf9, 0x8f, 0x98, 0xf9, 0x8f, 0x98, 0xf9, 0x8f,
    0x98, 0xf9, 0x8f, 0x98, 0xf9, 0x8f, 0x90,

    /* U+0131 "ı" */
    0xbf, 0x5b, 0xf5, 0xbf, 0x5b, 0xf5, 0xbf, 0x5b,
    0xf5, 0xbf, 0x5b, 0xf5, 0xbf, 0x50,

    /* U+0132 "Ĳ" */
    0x9f, 0x70, 0x0, 0xf, 0xf2, 0x9f, 0x70, 0x0,
    0xf, 0xf2, 0x9f, 0x70, 0x0, 0xf, 0xf2, 0x9f,
    0x70, 0x0, 0xf, 0xf2, 0x9f, 0x70, 0x0, 0xf,
    0xf2, 0x9f, 0x70, 0x0, 0xf, 0xf2, 0x46, 0x30,
    0x0, 0xf, 0xf2, 0x0, 0x0, 0x0, 0xf, 0xf0,
    0x0, 0x0, 0x0, 0x4f, 0xe0, 0x3a, 0x30, 0x3,
    0xdf, 0x80, 0x9f, 0xff, 0xff, 0xfc, 0x0, 0x7,
    0xcf, 0xfd, 0x80, 0x0,

    /* U+0133 "ĳ" */
    0x37, 0x0, 0x5, 0x50, 0xef, 0x80, 0x2f, 0xf3,
    0x9f, 0x40, 0xd, 0xd1, 0x0, 0x0, 0x0, 0x0,
    0xbf, 0x50, 0xf, 0xf0, 0xbf, 0x50, 0xf, 0xf0,
    0xbf, 0x50, 0xf, 0xf0, 0xbf, 0x50, 0xf, 0xf0,
    0xbf, 0x50, 0xf, 0xf0, 0xbf, 0x50, 0xf, 0xf0,
    0xbf, 0x50, 0xf, 0xf0, 0xbf, 0x50, 0xf, 0xf0,
    0xbf, 0x50, 0xf, 0xf0, 0x0, 0x0, 0x1f, 0xe0,
    0x0, 0x7c, 0xef, 0xa0, 0x0, 0x8f, 0xea, 0x10,

    /* U+0134 "Ĵ" */
    0x0, 0x7, 0xff, 0x70, 0x0, 0x8, 0xe4, 0x4e,
    0x80, 0x0, 0x0, 0x0, 0x0, 0x0, 0xf, 0xff,
    0xff, 0xf0, 0x0, 0xdd, 0xdd, 0xff, 0x0, 0x0,
    0x0, 0x1f, 0xf0, 0x0, 0x0, 0x1, 0xff, 0x0,
    0x0, 0x0, 0x1f, 0xf0, 0x0, 0x0, 0x1, 0xff,
    0x0, 0x0, 0x0, 0x1f, 0xf0, 0x0, 0x0, 0x1,
    0xff, 0x0, 0x0, 0x0, 0x1f, 0xf0, 0x9, 0x90,
    0x8, 0xfd, 0x0, 0xef, 0xfe, 0xff, 0x60, 0x1,
    0xae, 0xfd, 0x60, 0x0,

    /* U+0135 "ĵ" */
    0x0, 0x1d, 0xfb, 0x0, 0x0, 0xcc, 0x3d, 0x90,
    0x0, 0x0, 0x0, 0x0, 0x0, 0x9, 0xf6, 0x0,
    0x0, 0x9, 0xf6, 0x0, 0x0, 0x9, 0xf6, 0x0,
    0x0, 0x9, 0xf6, 0x0, 0x0, 0x9, 0xf6, 0x0,
    0x0, 0x9, 0xf6, 0x0, 0x0, 0x9, 0xf6, 0x0,
    0x0, 0x9, 0xf6, 0x0, 0x0, 0x9, 0xf6, 0x0,
    0x0, 0xb, 0xf4, 0x0, 0x1d, 0xcf, 0xe1, 0x0,
    0x3d, 0xfc, 0x30, 0x0,

    /* U+0136 "Ķ" */
    0x8f, 0x90, 0x0, 0x5, 0xfe, 0x18, 0xf9, 0x0,
    0x4, 0xff, 0x30, 0x8f, 0x90, 0x2, 0xff, 0x40,
    0x8, 0xf9, 0x2, 0xef, 0x60, 0x0, 0x8f, 0x91,
    0xdf, 0x80, 0x0, 0x8, 0xf9, 0xcf, 0xe0, 0x0,
    0x0, 0x8f, 0xff, 0xff, 0x90, 0x0, 0x8, 0xff,
    0xd5, 0xff, 0x50, 0x0, 0x8f, 0xe1, 0x7, 0xff,
    0x20, 0x8, 0xf9, 0x0, 0xa, 0xfd, 0x0, 0x8f,
    0x90, 0x0, 0xd, 0xf9, 0x8, 0xf9, 0x0, 0x0,
    0x2f, 0xf5, 0x0, 0x0, 0x0, 0x0, 0x0, 0x0,
    0x0, 0xb, 0xc0, 0x0, 0x0, 0x0, 0x0, 0xad,
    0x0, 0x0, 0x0, 0x0, 0x9, 0x70, 0x0, 0x0,
    0x0, 0x0, 0x0, 0x0, 0x0, 0x0,

    /* U+0137 "ķ" */
    0xbf, 0x50, 0x0, 0x0, 0x0, 0xbf, 0x50, 0x0,
    0x0, 0x0, 0xbf, 0x50, 0x0, 0x0, 0x0, 0xbf,
    0x50, 0x2, 0xef, 0x60, 0xbf, 0x50, 0x2e, 0xf7,
    0x0, 0xbf, 0x52, 0xef, 0x70, 0x0, 0xbf, 0x8e,
    0xf9, 0x0, 0x0, 0xbf, 0xff, 0xfc, 0x0, 0x0,
    0xbf, 0xf7, 0xdf, 0x90, 0x0, 0xbf, 0x80, 0x3f,
    0xf5, 0x0, 0xbf, 0x50, 0x6, 0xfe, 0x20, 0xbf,
    0x50, 0x0, 0x9f, 0xc0, 0x0, 0x0, 0x0, 0x0,
    0x0, 0x0, 0xa, 0xc0, 0x0, 0x0, 0x0, 0xa,
    0xd0, 0x0, 0x0, 0x0, 0x9, 0x70, 0x0, 0x0,
    0x0, 0x0, 0x0, 0x0, 0x0,

    /* U+0138 "ĸ" */
    0xbf, 0x50, 0x2, 0xef, 0x60, 0xbf, 0x50, 0x2e,
    0xf7, 0x0, 0xbf, 0x52, 0xef, 0x70, 0x0, 0xbf,
    0x8e, 0xf9, 0x0, 0x0, 0xbf, 0xff, 0xfc, 0x0,
    0x0, 0xbf, 0xf7, 0xdf, 0x90, 0x0, 0xbf, 0x80,
    0x3f, 0xf5, 0x0, 0xbf, 0x50, 0x6, 0xfe, 0x20,
    0xbf, 0x50, 0x0, 0x9f, 0xc0,

    /* U+0139 "Ĺ" */
    0x2, 0xee, 0x30, 0x0, 0x1, 0xde, 0x20, 0x0,
    0x0, 0x47, 0x10, 0x0, 0x0, 0x8, 0xf9, 0x0,
    0x0, 0x0, 0x8f, 0x90, 0x0, 0x0, 0x8, 0xf9,
    0x0, 0x0, 0x0, 0x8f, 0x90, 0x0, 0x0, 0x8,
    0xf9, 0x0, 0x0, 0x0, 0x8f, 0x90, 0x0, 0x0,
    0x8, 0xf9, 0x0, 0x0, 0x0, 0x8f, 0x90, 0x0,
    0x0, 0x8, 0xf9, 0x0, 0x0, 0x0, 0x8f, 0x90,
    0x0, 0x0, 0x8, 0xfe, 0xdd, 0xdd, 0xd5, 0x8f,
    0xff, 0xff, 0xff, 0x70,

    /* U+013A "ĺ" */
    0x0, 0x17, 0x71, 0x1, 0xdd, 0x30, 0x6, 0x70,
    0x0, 0x0, 0x0, 0x0, 0xb, 0xf5, 0x0, 0xb,
    0xf5, 0x0, 0xb, 0xf5, 0x0, 0xb, 0xf5, 0x0,
    0xb, 0xf5, 0x0, 0xb, 0xf5, 0x0, 0xb, 0xf5,
    0x0, 0xb, 0xf5, 0x0, 0xb, 0xf5, 0x0, 0xb,
    0xf5, 0x0, 0xb, 0xf5, 0x0, 0xb, 0xf5, 0x0,

    /* U+013B "Ļ" */
    0x8f, 0x90, 0x0, 0x0, 0x8, 0xf9, 0x0, 0x0,
    0x0, 0x8f, 0x90, 0x0, 0x0, 0x8, 0xf9, 0x0,
    0x0, 0x0, 0x8f, 0x90, 0x0, 0x0, 0x8, 0xf9,
    0x0, 0x0, 0x0, 0x8f, 0x90, 0x0, 0x0, 0x8,
    0xf9, 0x0, 0x0, 0x0, 0x8f, 0x90, 0x0, 0x0,
    0x8, 0xf9, 0x0, 0x0, 0x0, 0x8f, 0xed, 0xdd,
    0xdd, 0x58, 0xff, 0xff, 0xff, 0xf7, 0x0, 0x0,
    0x0, 0x0, 0x0, 0x0, 0x4e, 0x40, 0x0, 0x0,
    0x3, 0xf5, 0x0, 0x0, 0x0, 0x2e, 0x0, 0x0,
    0x0, 0x0, 0x0, 0x0, 0x0,

    /* U+013C "ļ" */
    0xbf, 0x5b, 0xf5, 0xbf, 0x5b, 0xf5, 0xbf, 0x5b,
    0xf5, 0xbf, 0x5b, 0xf5, 0xbf, 0x5b, 0xf5, 0xbf,
    0x5b, 0xf5, 0x0, 0x6, 0xe2, 0x5f, 0x25, 0xb0,
    0x0, 0x0,

    /* U+013D "Ľ" */
    0x8f, 0x90, 0x1, 0xf7, 0x8, 0xf9, 0x0, 0x1f,
    0x60, 0x8f, 0x90, 0x1, 0xf5, 0x8, 0xf9, 0x0,
    0x4, 0x10, 0x8f, 0x90, 0x0, 0x0, 0x8, 0xf9,
    0x0, 0x0, 0x0, 0x8f, 0x90, 0x0, 0x0, 0x8,
    0xf9, 0x0, 0x0, 0x0, 0x8f, 0x90, 0x0, 0x0,
    0x8, 0xf9, 0x0, 0x0, 0x0, 0x8f, 0xed, 0xdd,
    0xdd, 0x58, 0xff, 0xff, 0xff, 0xf7,

    /* U+013E "ľ" */
    0x0, 0x5, 0xf3, 0xbf, 0x55, 0xf1, 0xbf, 0x55,
    0xf0, 0xbf, 0x51, 0x40, 0xbf, 0x50, 0x0, 0xbf,
    0x50, 0x0, 0xbf, 0x50, 0x0, 0xbf, 0x50, 0x0,
    0xbf, 0x50, 0x0, 0xbf, 0x50, 0x0, 0xbf, 0x50,
    0x0, 0xbf, 0x50, 0x0, 0xbf, 0x50, 0x0,

    /* U+013F "Ŀ" */
    0x8f, 0x90, 0x0, 0x0, 0x8, 0xf9, 0x0, 0x0,
    0x0, 0x8f, 0x90, 0x0, 0x0, 0x8, 0xf9, 0x0,
    0x0, 0x0, 0x8f, 0x90, 0x5, 0xf5, 0x8, 0xf9,
    0x0, 0x9f, 0x90, 0x8f, 0x90, 0x1, 0x71, 0x8,
    0xf9, 0x0, 0x0, 0x0, 0x8f, 0x90, 0x0, 0x0,
    0x8, 0xf9, 0x0, 0x0, 0x0, 0x8f, 0xed, 0xdd,
    0xdd, 0x58, 0xff, 0xff, 0xff, 0xf7,

    /* U+0140 "ŀ" */
    0xbf, 0x50, 0x0, 0xbf, 0x50, 0x0, 0xbf, 0x50,
    0x0, 0xbf, 0x50, 0x0, 0xbf, 0x50, 0x0, 0xbf,
    0x53, 0xe7, 0xbf, 0x55, 0xfa, 0xbf, 0x50, 0x30,
    0xbf, 0x50, 0x0, 0xbf, 0x50, 0x0, 0xbf, 0x50,
    0x0, 0xbf, 0x50, 0x0,

    /* U+0141 "Ł" */
    0x0, 0x5f, 0xc0, 0x0, 0x0, 0x0, 0x5, 0xfc,
    0x0, 0x0, 0x0, 0x0, 0x5f, 0xc0, 0x10, 0x0,
    0x0, 0x5, 0xfc, 0x8e, 0x10, 0x0, 0x0, 0x5f,
    0xff, 0x80, 0x0, 0x0, 0x7, 0xff, 0x50, 0x0,
    0x0, 0x4, 0xff, 0xe0, 0x0, 0x0, 0x0, 0xcf,
    0xfc, 0x0, 0x0, 0x0, 0x1, 0x5f, 0xc0, 0x0,
    0x0, 0x0, 0x5, 0xfc, 0x0, 0x0, 0x0, 0x0,
    0x5f, 0xfd, 0xdd, 0xdd, 0x70, 0x5, 0xff, 0xff,
    0xff, 0xf9,

    /* U+0142 "ł" */
    0x0, 0x8f, 0x70, 0x0, 0x8, 0xf7, 0x0, 0x0,
    0x8f, 0x70, 0x0, 0x8, 0xf7, 0x0, 0x0, 0x8f,
    0xcb, 0x0, 0x8, 0xff, 0xa0, 0x1, 0xff, 0xe0,
    0x1, 0xef, 0xf7, 0x0, 0x6, 0x9f, 0x70, 0x0,
    0x8, 0xf7, 0x0, 0x0, 0x8f, 0x70, 0x0, 0x8,
    0xf7, 0x0,

    /* U+0143 "Ń" */
    0x0, 0x0, 0x2, 0xfe, 0x20, 0x0, 0x0, 0x1,
    0xed, 0x20, 0x0, 0x0, 0x0, 0x57, 0x10, 0x0,
    0x8, 0xf9, 0x0, 0x0, 0x9, 0xf7, 0x8f, 0xf5,
    0x0, 0x0, 0x9f, 0x78, 0xff, 0xf2, 0x0, 0x9,
    0xf7, 0x8f, 0xff, 0xd0, 0x0, 0x9f, 0x78, 0xfa,
    0xef, 0xa0, 0x9, 0xf7, 0x8f, 0x93, 0xff, 0x60,
    0x9f, 0x78, 0xf9, 0x7, 0xff, 0x39, 0xf7, 0x8f,
    0x90, 0xa, 0xfd, 0xaf, 0x78, 0xf9, 0x0, 0xd,
    0xff, 0xf7, 0x8f, 0x90, 0x0, 0x3f, 0xff, 0x78,
    0xf9, 0x0, 0x0, 0x6f, 0xf7, 0x8f, 0x90, 0x0,
    0x0, 0xaf, 0x70,

    /* U+0144 "ń" */
    0x0, 0x0, 0x4f, 0xd2, 0x0, 0x0, 0x4f, 0x80,
    0x0, 0x0, 0x0, 0x0, 0x0, 0xb, 0xf5, 0xae,
    0xfc, 0x30, 0xbf, 0xff, 0xce, 0xff, 0x2b, 0xfe,
    0x10, 0xb, 0xf8, 0xbf, 0x70, 0x0, 0x5f, 0xbb,
    0xf5, 0x0, 0x4, 0xfb, 0xbf, 0x50, 0x0, 0x4f,
    0xbb, 0xf5, 0x0, 0x4, 0xfb, 0xbf, 0x50, 0x0,
    0x4f, 0xbb, 0xf5, 0x0, 0x4, 0xfb,

    /* U+0145 "Ņ" */
    0x8f, 0x90, 0x0, 0x0, 0x9f, 0x78, 0xff, 0x50,
    0x0, 0x9, 0xf7, 0x8f, 0xff, 0x20, 0x0, 0x9f,
    0x78, 0xff, 0xfd, 0x0, 0x9, 0xf7, 0x8f, 0xae,
    0xfa, 0x0, 0x9f, 0x78, 0xf9, 0x3f, 0xf6, 0x9,
    0xf7, 0x8f, 0x90, 0x7f, 0xf3, 0x9f, 0x78, 0xf9,
    0x0, 0xaf, 0xda, 0xf7, 0x8f, 0x90, 0x0, 0xdf,
    0xff, 0x78, 0xf9, 0x0, 0x3, 0xff, 0xf7, 0x8f,
    0x90, 0x0, 0x6, 0xff, 0x78, 0xf9, 0x0, 0x0,
    0xa, 0xf7, 0x0, 0x0, 0x0, 0x0, 0x0, 0x0,
    0x0, 0x4, 0xe4, 0x0, 0x0, 0x0, 0x0, 0x3f,
    0x40, 0x0, 0x0, 0x0, 0x2, 0xe0, 0x0, 0x0,
    0x0, 0x0, 0x0, 0x0, 0x0, 0x0,

    /* U+0146 "ņ" */
    0xbf, 0x5a, 0xef, 0xc3, 0xb, 0xff, 0xfc, 0xef,
    0xf2, 0xbf, 0xe1, 0x0, 0xbf, 0x8b, 0xf7, 0x0,
    0x5, 0xfb, 0xbf, 0x50, 0x0, 0x4f, 0xbb, 0xf5,
    0x0, 0x4, 0xfb, 0xbf, 0x50, 0x0, 0x4f, 0xbb,
    0xf5, 0x0, 0x4, 0xfb, 0xbf, 0x50, 0x0, 0x4f,
    0xb0, 0x0, 0x0, 0x0, 0x0, 0x0, 0x4, 0xe4,
    0x0, 0x0, 0x0, 0x2f, 0x50, 0x0, 0x0, 0x1,
    0xe0, 0x0, 0x0, 0x0, 0x0, 0x0, 0x0,

    /* U+0147 "Ň" */
    0x0, 0x3f, 0x90, 0xaf, 0x20, 0x0, 0x0, 0x4f,
    0xef, 0x40, 0x0, 0x0, 0x0, 0x58, 0x40, 0x0,
    0x8, 0xf9, 0x0, 0x0, 0x9, 0xf7, 0x8f, 0xf5,
    0x0, 0x0, 0x9f, 0x78, 0xff, 0xf2, 0x0, 0x9,
    0xf7, 0x8f, 0xff, 0xd0, 0x0, 0x9f, 0x78, 0xfa,
    0xef, 0xa0, 0x9, 0xf7, 0x8f, 0x93, 0xff, 0x60,
    0x9f, 0x78, 0xf9, 0x7, 0xff, 0x39, 0xf7, 0x8f,
    0x90, 0xa, 0xfd, 0xaf, 0x78, 0xf9, 0x0, 0xd,
    0xff, 0xf7, 0x8f, 0x90, 0x0, 0x3f, 0xff, 0x78,
    0xf9, 0x0, 0x0, 0x6f, 0xf7, 0x8f, 0x90, 0x0,
    0x0, 0xaf, 0x70,

    /* U+0148 "ň" */
    0x2, 0xdb, 0x2a, 0xe2, 0x0, 0x1, 0xcf, 0xd1,
    0x0, 0x0, 0x0, 0x0, 0x0, 0xb, 0xf5, 0xae,
    0xfc, 0x30, 0xbf, 0xff, 0xce, 0xff, 0x2b, 0xfe,
    0x10, 0xb, 0xf8, 0xbf, 0x70, 0x0, 0x5f, 0xbb,
    0xf5, 0x0, 0x4, 0xfb, 0xbf, 0x50, 0x0, 0x4f,
    0xbb, 0xf5, 0x0, 0x4, 0xfb, 0xbf, 0x50, 0x0,
    0x4f, 0xbb, 0xf5, 0x0, 0x4, 0xfb,

    /* U+0149 "ŉ" */
    0xd, 0xe2, 0x0, 0x0, 0x0, 0x0, 0x1f, 0xf5,
    0x0, 0x0, 0x0, 0x0, 0x8, 0xf2, 0x0, 0x0,
    0x0, 0x0, 0xb, 0xca, 0xf4, 0x8e, 0xfc, 0x40,
    0xe, 0x7a, 0xfd, 0xff, 0xff, 0xf2, 0x2, 0xa,
    0xff, 0x83, 0x5e, 0xf9, 0x0, 0xa, 0xfa, 0x0,
    0x6, 0xfb, 0x0, 0xa, 0xf6, 0x0, 0x3, 0xfc,
    0x0, 0xa, 0xf6, 0x0, 0x3, 0xfc, 0x0, 0xa,
    0xf6, 0x0, 0x3, 0xfc, 0x0, 0xa, 0xf6, 0x0,
    0x3, 0xfc, 0x0, 0xa, 0xf6, 0x0, 0x3, 0xfc,

    /* U+014A "Ŋ" */
    0x8f, 0x90, 0x0, 0x0, 0x9f, 0x78, 0xff, 0x50,
    0x0, 0x9, 0xf7, 0x8f, 0xff, 0x20, 0x0, 0x9f,
    0x78, 0xff, 0xfd, 0x0, 0x9, 0xf7, 0x8f, 0xae,
    0xfa, 0x0, 0x9f, 0x78, 0xf9, 0x3f, 0xf6, 0x9,
    0xf7, 0x8f, 0x90, 0x7f, 0xf3, 0x9f, 0x78, 0xf9,
    0x0, 0xaf, 0xda, 0xf7, 0x8f, 0x90, 0x1, 0xdf,
    0xff, 0x78, 0xf9, 0x0, 0x3, 0xff, 0xf7, 0x8f,
    0x90, 0x0, 0x6, 0xff, 0x78, 0xf9, 0x0, 0x0,
    0xc, 0xf6, 0x0, 0x0, 0x31, 0x1, 0xef, 0x30,
    0x0, 0xe, 0xfd, 0xff, 0xc0, 0x0, 0x0, 0x4c,
    0xfe, 0xa1, 0x0,

    /* U+014B "ŋ" */
    0xbf, 0x5a, 0xef, 0xc3, 0xb, 0xff, 0xfc, 0xef,
    0xf2, 0xbf, 0xe1, 0x0, 0xbf, 0x8b, 0xf7, 0x0,
    0x5, 0xfb, 0xbf, 0x50, 0x0, 0x4f, 0xbb, 0xf5,
    0x0, 0x4, 0xfb, 0xbf, 0x50, 0x0, 0x4f, 0xbb,
    0xf5, 0x0, 0x4, 0xfb, 0xbf, 0x50, 0x0, 0x4f,
    0xb0, 0x0, 0x0, 0x6, 0xfa, 0x0, 0x0, 0xbb,
    0xff, 0x50, 0x0, 0xc, 0xfe, 0x70,

    /* U+014C "Ō" */
    0x0, 0x0, 0x0, 0x0, 0x0, 0x0, 0x0, 0x0,
    0xf, 0xff, 0xff, 0x80, 0x0, 0x0, 0x0, 0x33,
    0x33, 0x31, 0x0, 0x0, 0x0, 0x0, 0x0, 0x0,
    0x0, 0x0, 0x0, 0x2, 0x9d, 0xfe, 0xb5, 0x0,
    0x0, 0x5, 0xff, 0xfe, 0xff, 0xfb, 0x0, 0x3,
    0xff, 0x91, 0x0, 0x5e, 0xfa, 0x0, 0xcf, 0x90,
    0x0, 0x0, 0x2f, 0xf3, 0x1f, 0xf1, 0x0, 0x0,
    0x0, 0x9f, 0x94, 0xfd, 0x0, 0x0, 0x0, 0x6,
    0xfb, 0x4f, 0xd0, 0x0, 0x0, 0x0, 0x6f, 0xb1,
    0xff, 0x10, 0x0, 0x0, 0x9, 0xf9, 0xc, 0xf9,
    0x0, 0x0, 0x2, 0xff, 0x30, 0x3f, 0xf9, 0x10,
    0x5, 0xef, 0xa0, 0x0, 0x5f, 0xff, 0xff, 0xff,
    0xb0, 0x0, 0x0, 0x29, 0xdf, 0xeb, 0x50, 0x0,

    /* U+014D "ō" */
    0x0, 0xaf, 0xff, 0xfe, 0x0, 0x0, 0x24, 0x44,
    0x43, 0x0, 0x0, 0x0, 0x0, 0x0, 0x0, 0x0,
    0x3b, 0xef, 0xc6, 0x0, 0x4, 0xff, 0xed, 0xff,
    0x90, 0xe, 0xf6, 0x0, 0x3e, 0xf4, 0x4f, 0xc0,
    0x0, 0x7, 0xf9, 0x5f, 0xa0, 0x0, 0x5, 0xfb,
    0x4f, 0xc0, 0x0, 0x7, 0xf9, 0xe, 0xf6, 0x0,
    0x3f, 0xf4, 0x4, 0xff, 0xed, 0xff, 0x90, 0x0,
    0x3b, 0xef, 0xc6, 0x0,

    /* U+014E "Ŏ" */
    0x0, 0x0, 0xe8, 0x2, 0xf5, 0x0, 0x0, 0x0,
    0x4, 0xef, 0xfa, 0x0, 0x0, 0x0, 0x0, 0x0,
    0x10, 0x0, 0x0, 0x0, 0x0, 0x29, 0xdf, 0xeb,
    0x50, 0x0, 0x0, 0x5f, 0xff, 0xef, 0xff, 0xb0,
    0x0, 0x3f, 0xf9, 0x10, 0x5, 0xef, 0xa0, 0xc,
    0xf9, 0x0, 0x0, 0x2, 0xff, 0x31, 0xff, 0x10,
    0x0, 0x0, 0x9, 0xf9, 0x4f, 0xd0, 0x0, 0x0,
    0x0, 0x6f, 0xb4, 0xfd, 0x0, 0x0, 0x0, 0x6,
    0xfb, 0x1f, 0xf1, 0x0, 0x0, 0x0, 0x9f, 0x90,
    0xcf, 0x90, 0x0, 0x0, 0x2f, 0xf3, 0x3, 0xff,
    0x91, 0x0, 0x5e, 0xfa, 0x0, 0x5, 0xff, 0xff,
    0xff, 0xfb, 0x0, 0x0, 0x2, 0x9d, 0xfe, 0xb5,
    0x0, 0x0,

    /* U+014F "ŏ" */
    0x0, 0x7d, 0x10, 0xac, 0x0, 0x0, 0xb, 0xff,
    0xd3, 0x0, 0x0, 0x0, 0x11, 0x0, 0x0, 0x0,
    0x3b, 0xef, 0xc6, 0x0, 0x4, 0xff, 0xed, 0xff,
    0x90, 0xe, 0xf6, 0x0, 0x3e, 0xf4, 0x4f, 0xc0,
    0x0, 0x7, 0xf9, 0x5f, 0xa0, 0x0, 0x5, 0xfb,
    0x4f, 0xc0, 0x0, 0x7, 0xf9, 0xe, 0xf6, 0x0,
    0x3f, 0xf4, 0x4, 0xff, 0xed, 0xff, 0x90, 0x0,
    0x3b, 0xef, 0xc6, 0x0,

    /* U+0150 "Ő" */
    0x0, 0x0, 0x8, 0xf5, 0x8f, 0x50, 0x0, 0x0,
    0x2, 0xf9, 0x2f, 0x90, 0x0, 0x0, 0x0, 0x24,
    0x2, 0x40, 0x0, 0x0, 0x0, 0x29, 0xdf, 0xeb,
    0x50, 0x0, 0x0, 0x5f, 0xff, 0xef, 0xff, 0xb0,
    0x0, 0x3f, 0xf9, 0x10, 0x5, 0xef, 0xa0, 0xc,
    0xf9, 0x0, 0x0, 0x2, 0xff, 0x31, 0xff, 0x10,
    0x0, 0x0, 0x9, 0xf9, 0x4f, 0xd0, 0x0, 0x0,
    0x0, 0x6f, 0xb4, 0xfd, 0x0, 0x0, 0x0, 0x6,
    0xfb, 0x1f, 0xf1, 0x0, 0x0, 0x0, 0x9f, 0x90,
    0xcf, 0x90, 0x0, 0x0, 0x2f, 0xf3, 0x3, 0xff,
    0x91, 0x0, 0x5e, 0xfa, 0x0, 0x5, 0xff, 0xff,
    0xff, 0xfb, 0x0, 0x0, 0x2, 0x9d, 0xfe, 0xb5,
    0x0, 0x0,

    /* U+0151 "ő" */
    0x0, 0x2, 0xfc, 0x2f, 0xc0, 0x0, 0xb, 0xe1,
    0xbe, 0x10, 0x0, 0x4, 0x20, 0x42, 0x0, 0x0,
    0x3b, 0xef, 0xc6, 0x0, 0x4, 0xff, 0xed, 0xff,
    0x90, 0xe, 0xf6, 0x0, 0x3e, 0xf4, 0x4f, 0xc0,
    0x0, 0x7, 0xf9, 0x5f, 0xa0, 0x0, 0x5, 0xfb,
    0x4f, 0xc0, 0x0, 0x7, 0xf9, 0xe, 0xf6, 0x0,
    0x3f, 0xf4, 0x4, 0xff, 0xed, 0xff, 0x90, 0x0,
    0x3b, 0xef, 0xc6, 0x0,

    /* U+0152 "Œ" */
    0x0, 0x2, 0x9d, 0xff, 0xff, 0xff, 0xff, 0xff,
    0xf0, 0x0, 0x6f, 0xff, 0xed, 0xdf, 0xfd, 0xdd,
    0xdd, 0xd0, 0x4, 0xff, 0x81, 0x0, 0x2f, 0xf0,
    0x0, 0x0, 0x0, 0xc, 0xf8, 0x0, 0x0, 0x2f,
    0xf0, 0x0, 0x0, 0x0, 0x1f, 0xf1, 0x0, 0x0,
    0x2f, 0xf0, 0x0, 0x0, 0x0, 0x3f, 0xd0, 0x0,
    0x0, 0x2f, 0xfc, 0xcc, 0xcc, 0x40, 0x3f, 0xd0,
    0x0, 0x0, 0x2f, 0xff, 0xff, 0xff, 0x60, 0x1f,
    0xf1, 0x0, 0x0, 0x2f, 0xf0, 0x0, 0x0, 0x0,
    0xc, 0xf8, 0x0, 0x0, 0x2f, 0xf0, 0x0, 0x0,
    0x0, 0x4, 0xff, 0x81, 0x0, 0x2f, 0xf0, 0x0,
    0x0, 0x0, 0x0, 0x6f, 0xff, 0xdd, 0xdf, 0xfd,
    0xdd, 0xdd, 0xd3, 0x0, 0x2, 0x9d, 0xff, 0xff,
    0xff, 0xff, 0xff, 0xf4,

    /* U+0153 "œ" */
    0x0, 0x3b, 0xef, 0xc5, 0x2, 0xae, 0xfc, 0x40,
    0x0, 0x4f, 0xfe, 0xdf, 0xf9, 0xff, 0xdd, 0xff,
    0x50, 0xe, 0xf6, 0x0, 0x3e, 0xff, 0x60, 0x3,
    0xff, 0x4, 0xfc, 0x0, 0x0, 0x7f, 0xd1, 0x11,
    0x1a, 0xf5, 0x5f, 0xa0, 0x0, 0x5, 0xff, 0xff,
    0xff, 0xff, 0x64, 0xfc, 0x0, 0x0, 0x7f, 0xe4,
    0x44, 0x44, 0x41, 0xe, 0xf6, 0x0, 0x3e, 0xff,
    0x70, 0x0, 0x61, 0x0, 0x4f, 0xfd, 0xdf, 0xf9,
    0xef, 0xec, 0xff, 0xa0, 0x0, 0x3b, 0xef, 0xc5,
    0x2, 0xae, 0xfe, 0x91, 0x0,

    /* U+0154 "Ŕ" */
    0x0, 0x0, 0xb, 0xf7, 0x0, 0x0, 0x0, 0x9,
    0xf6, 0x0, 0x0, 0x0, 0x2, 0x84, 0x0, 0x0,
    0x8, 0xff, 0xff, 0xfd, 0x80, 0x0, 0x8f, 0xed,
    0xde, 0xff, 0xd0, 0x8, 0xf9, 0x0, 0x3, 0xef,
    0x70, 0x8f, 0x90, 0x0, 0x6, 0xfc, 0x8, 0xf9,
    0x0, 0x0, 0x4f, 0xd0, 0x8f, 0x90, 0x0, 0x7,
    0xfb, 0x8, 0xf9, 0x0, 0x15, 0xff, 0x60, 0x8f,
    0xff, 0xff, 0xff, 0xa0, 0x8, 0xfe, 0xcc, 0xdf,
    0xb0, 0x0, 0x8f, 0x90, 0x0, 0xef, 0x40, 0x8,
    0xf9, 0x0, 0x3, 0xfe, 0x10, 0x8f, 0x90, 0x0,
    0x8, 0xfb, 0x0,

    /* U+0155 "ŕ" */
    0x0, 0x1d, 0xe4, 0x2, 0xdb, 0x10, 0x0, 0x0,
    0x0, 0xbf, 0x5a, 0xe3, 0xbf, 0xff, 0xe3, 0xbf,
    0xe3, 0x0, 0xbf, 0x80, 0x0, 0xbf, 0x50, 0x0,
    0xbf, 0x50, 0x0, 0xbf, 0x50, 0x0, 0xbf, 0x50,
    0x0, 0xbf, 0x50, 0x0,

    /* U+0156 "Ŗ" */
    0x8f, 0xff, 0xff, 0xd8, 0x0, 0x8, 0xfe, 0xdd,
    0xef, 0xfd, 0x0, 0x8f, 0x90, 0x0, 0x3e, 0xf7,
    0x8, 0xf9, 0x0, 0x0, 0x6f, 0xc0, 0x8f, 0x90,
    0x0, 0x4, 0xfd, 0x8, 0xf9, 0x0, 0x0, 0x7f,
    0xb0, 0x8f, 0x90, 0x1, 0x5f, 0xf6, 0x8, 0xff,
    0xff, 0xff, 0xfa, 0x0, 0x8f, 0xec, 0xcd, 0xfb,
    0x0, 0x8, 0xf9, 0x0, 0xe, 0xf4, 0x0, 0x8f,
    0x90, 0x0, 0x3f, 0xe1, 0x8, 0xf9, 0x0, 0x0,
    0x8f, 0xb0, 0x0, 0x0, 0x0, 0x0, 0x0, 0x0,
    0x0, 0xd, 0xa0, 0x0, 0x0, 0x0, 0x0, 0xcb,
    0x0, 0x0, 0x0, 0x0, 0xc, 0x40, 0x0, 0x0,
    0x0, 0x0, 0x0, 0x0, 0x0, 0x0,

    /* U+0157 "ŗ" */
    0xbf, 0x5a, 0xe3, 0xbf, 0xff, 0xe3, 0xbf, 0xe3,
    0x0, 0xbf, 0x80, 0x0, 0xbf, 0x50, 0x0, 0xbf,
    0x50, 0x0, 0xbf, 0x50, 0x0, 0xbf, 0x50, 0x0,
    0xbf, 0x50, 0x0, 0x0, 0x0, 0x0, 0x5e, 0x30,
    0x0, 0x4f, 0x30, 0x0, 0x3d, 0x0, 0x0, 0x0,
    0x0, 0x0,

    /* U+0158 "Ř" */
    0x0, 0xbd, 0x24, 0xf7, 0x0, 0x0, 0x1, 0xde,
    0xfa, 0x0, 0x0, 0x0, 0x2, 0x87, 0x0, 0x0,
    0x8, 0xff, 0xff, 0xfd, 0x80, 0x0, 0x8f, 0xed,
    0xde, 0xff, 0xd0, 0x8, 0xf9, 0x0, 0x3, 0xef,
    0x70, 0x8f, 0x90, 0x0, 0x6, 0xfc, 0x8, 0xf9,
    0x0, 0x0, 0x4f, 0xd0, 0x8f, 0x90, 0x0, 0x7,
    0xfb, 0x8, 0xf9, 0x0, 0x15, 0xff, 0x60, 0x8f,
    0xff, 0xff, 0xff, 0xa0, 0x8, 0xfe, 0xcc, 0xdf,
    0xb0, 0x0, 0x8f, 0x90, 0x0, 0xef, 0x40, 0x8,
    0xf9, 0x0, 0x3, 0xfe, 0x10, 0x8f, 0x90, 0x0,
    0x8, 0xfb, 0x0,

    /* U+0159 "ř" */
    0xb, 0xd3, 0x7f, 0x50, 0xa, 0xfe, 0x40, 0x0,
    0x0, 0x0, 0x0, 0xbf, 0x5a, 0xe3, 0xb, 0xff,
    0xfe, 0x30, 0xbf, 0xe3, 0x0, 0xb, 0xf8, 0x0,
    0x0, 0xbf, 0x50, 0x0, 0xb, 0xf5, 0x0, 0x0,
    0xbf, 0x50, 0x0, 0xb, 0xf5, 0x0, 0x0, 0xbf,
    0x50, 0x0,

    /* U+015A "Ś" */
    0x0, 0x0, 0x8, 0xf9, 0x0, 0x0, 0x0, 0x9e,
    0x50, 0x0, 0x0, 0x0, 0x0, 0x0, 0x0, 0x0,
    0x5b, 0xef, 0xea, 0x30, 0x7, 0xff, 0xed, 0xff,
    0xd0, 0xf, 0xf4, 0x0, 0x5, 0x50, 0x2f, 0xe0,
    0x0, 0x0, 0x0, 0xf, 0xfa, 0x20, 0x0, 0x0,
    0x5, 0xff, 0xfe, 0x93, 0x0, 0x0, 0x29, 0xdf,
    0xff, 0x90, 0x0, 0x0, 0x2, 0x8f, 0xf5, 0x0,
    0x0, 0x0, 0x9, 0xf7, 0xc, 0x50, 0x0, 0x1d,
    0xf5, 0x4f, 0xff, 0xdd, 0xff, 0xc0, 0x3, 0x9d,
    0xff, 0xd7, 0x0,

    /* U+015B "ś" */
    0x0, 0x0, 0xaf, 0x80, 0x0, 0xb, 0xe4, 0x0,
    0x0, 0x0, 0x0, 0x0, 0x2, 0xae, 0xfd, 0xa2,
    0x1f, 0xfc, 0xbd, 0xf3, 0x5f, 0xa0, 0x0, 0x20,
    0x4f, 0xe7, 0x41, 0x0, 0x8, 0xff, 0xff, 0xa1,
    0x0, 0x4, 0x7c, 0xfa, 0x5, 0x0, 0x3, 0xfc,
    0x6f, 0xec, 0xbe, 0xf7, 0x29, 0xdf, 0xfc, 0x60,

    /* U+015C "Ŝ" */
    0x0, 0x4, 0xff, 0x90, 0x0, 0x0, 0x5f, 0x73,
    0xda, 0x0, 0x0, 0x0, 0x0, 0x0, 0x0, 0x0,
    0x5b, 0xef, 0xea, 0x30, 0x7, 0xff, 0xed, 0xff,
    0xd0, 0xf, 0xf4, 0x0, 0x5, 0x50, 0x2f, 0xe0,
    0x0, 0x0, 0x0, 0xf, 0xfa, 0x20, 0x0, 0x0,
    0x5, 0xff, 0xfe, 0x93, 0x0, 0x0, 0x29, 0xdf,
    0xff, 0x90, 0x0, 0x0, 0x2, 0x8f, 0xf5, 0x0,
    0x0, 0x0, 0x9, 0xf7, 0xc, 0x50, 0x0, 0x1d,
    0xf5, 0x4f, 0xff, 0xdd, 0xff, 0xc0, 0x3, 0x9d,
    0xff, 0xd7, 0x0,

    /* U+015D "ŝ" */
    0x0, 0x6f, 0xf8, 0x0, 0x7, 0xf5, 0x4e, 0x90,
    0x0, 0x0, 0x0, 0x0, 0x2, 0xae, 0xfd, 0xa2,
    0x1f, 0xfc, 0xbd, 0xf3, 0x5f, 0xa0, 0x0, 0x20,
    0x4f, 0xe7, 0x41, 0x0, 0x8, 0xff, 0xff, 0xa1,
    0x0, 0x4, 0x7c, 0xfa, 0x5, 0x0, 0x3, 0xfc,
    0x6f, 0xec, 0xbe, 0xf7, 0x29, 0xdf, 0xfc, 0x60,

    /* U+015E "Ş" */
    0x0, 0x5b, 0xef, 0xea, 0x30, 0x7, 0xff, 0xed,
    0xff, 0xd0, 0xf, 0xf4, 0x0, 0x5, 0x50, 0x2f,
    0xe0, 0x0, 0x0, 0x0, 0xf, 0xfa, 0x20, 0x0,
    0x0, 0x5, 0xff, 0xfe, 0x93, 0x0, 0x0, 0x29,
    0xdf, 0xff, 0x90, 0x0, 0x0, 0x2, 0x8f, 0xf5,
    0x0, 0x0, 0x0, 0x9, 0xf7, 0xc, 0x50, 0x0,
    0x1d, 0xf5, 0x4f, 0xff, 0xdd, 0xff, 0xc0, 0x3,
    0x9d, 0xff, 0xd7, 0x0, 0x0, 0x0, 0x9c, 0x20,
    0x0, 0x0, 0x0, 0x1a, 0xc0, 0x0, 0x0, 0x9,
    0xff, 0x80, 0x0, 0x0, 0x0, 0x10, 0x0, 0x0,

    /* U+015F "ş" */
    0x2, 0xae, 0xfd, 0xa2, 0x1f, 0xfc, 0xbd, 0xf3,
    0x5f, 0xa0, 0x0, 0x20, 0x4f, 0xe7, 0x41, 0x0,
    0x8, 0xff, 0xff, 0xa1, 0x0, 0x4, 0x7c, 0xfa,
    0x5, 0x0, 0x3, 0xfc, 0x6f, 0xec, 0xbe, 0xf7,
    0x29, 0xdf, 0xfc, 0x60, 0x0, 0xa, 0x80, 0x0,
    0x0, 0x9, 0xf7, 0x0, 0x0, 0x10, 0xbb, 0x0,
    0x0, 0xbf, 0xf4, 0x0, 0x0, 0x1, 0x0, 0x0,

    /* U+0160 "Š" */
    0x0, 0x5f, 0x73, 0xda, 0x0, 0x0, 0x4, 0xff,
    0x90, 0x0, 0x0, 0x0, 0x0, 0x0, 0x0, 0x0,
    0x5b, 0xef, 0xea, 0x30, 0x7, 0xff, 0xed, 0xff,
    0xd0, 0xf, 0xf4, 0x0, 0x5, 0x50, 0x2f, 0xe0,
    0x0, 0x0, 0x0, 0xf, 0xfa, 0x20, 0x0, 0x0,
    0x5, 0xff, 0xfe, 0x93, 0x0, 0x0, 0x29, 0xdf,
    0xff, 0x90, 0x0, 0x0, 0x2, 0x8f, 0xf5, 0x0,
    0x0, 0x0, 0x9, 0xf7, 0xc, 0x50, 0x0, 0x1d,
    0xf5, 0x4f, 0xff, 0xdd, 0xff, 0xc0, 0x3, 0x9d,
    0xff, 0xd7, 0x0,

    /* U+0161 "š" */
    0x7, 0xf5, 0x4e, 0x90, 0x0, 0x6f, 0xf8, 0x0,
    0x0, 0x0, 0x0, 0x0, 0x2, 0xae, 0xfd, 0xa2,
    0x1f, 0xfc, 0xbd, 0xf3, 0x5f, 0xa0, 0x0, 0x20,
    0x4f, 0xe7, 0x41, 0x0, 0x8, 0xff, 0xff, 0xa1,
    0x0, 0x4, 0x7c, 0xfa, 0x5, 0x0, 0x3, 0xfc,
    0x6f, 0xec, 0xbe, 0xf7, 0x29, 0xdf, 0xfc, 0x60,

    /* U+0162 "Ţ" */
    0xff, 0xff, 0xff, 0xff, 0xf9, 0xcd, 0xde, 0xff,
    0xdd, 0xd7, 0x0, 0x3, 0xfd, 0x0, 0x0, 0x0,
    0x3, 0xfd, 0x0, 0x0, 0x0, 0x3, 0xfd, 0x0,
    0x0, 0x0, 0x3, 0xfd, 0x0, 0x0, 0x0, 0x3,
    0xfd, 0x0, 0x0, 0x0, 0x3, 0xfd, 0x0, 0x0,
    0x0, 0x3, 0xfd, 0x0, 0x0, 0x0, 0x3, 0xfd,
    0x0, 0x0, 0x0, 0x3, 0xfd, 0x0, 0x0, 0x0,
    0x3, 0xfe, 0x0, 0x0, 0x0, 0x0, 0xd3, 0x0,
    0x0, 0x0, 0x0, 0xdf, 0x30, 0x0, 0x0, 0x1,
    0xe, 0x70, 0x0, 0x0, 0xe, 0xfd, 0x20, 0x0,
    0x0, 0x0, 0x10, 0x0, 0x0,

    /* U+0163 "ţ" */
    0x6, 0xf9, 0x0, 0x0, 0x6f, 0x90, 0x0, 0xdf,
    0xff, 0xfe, 0x8, 0xcf, 0xda, 0x90, 0x6, 0xf9,
    0x0, 0x0, 0x6f, 0x90, 0x0, 0x6, 0xf9, 0x0,
    0x0, 0x6f, 0x90, 0x0, 0x5, 0xfb, 0x0, 0x0,
    0x1f, 0xfc, 0xd1, 0x0, 0x5e, 0xfd, 0x30, 0x0,
    0x99, 0x0, 0x0, 0x9, 0xf8, 0x0, 0x1, 0xa,
    0xc0, 0x0, 0xaf, 0xf5, 0x0, 0x0, 0x10, 0x0,

    /* U+0164 "Ť" */
    0x0, 0xcd, 0x15, 0xf7, 0x0, 0x0, 0x1d, 0xef,
    0x90, 0x0, 0x0, 0x2, 0x87, 0x0, 0x0, 0xff,
    0xff, 0xff, 0xff, 0xf9, 0xcd, 0xde, 0xff, 0xdd,
    0xd7, 0x0, 0x3, 0xfd, 0x0, 0x0, 0x0, 0x3,
    0xfd, 0x0, 0x0, 0x0, 0x3, 0xfd, 0x0, 0x0,
    0x0, 0x3, 0xfd, 0x0, 0x0, 0x0, 0x3, 0xfd,
    0x0, 0x0, 0x0, 0x3, 0xfd, 0x0, 0x0, 0x0,
    0x3, 0xfd, 0x0, 0x0, 0x0, 0x3, 0xfd, 0x0,
    0x0, 0x0, 0x3, 0xfd, 0x0, 0x0, 0x0, 0x3,
    0xfd, 0x0, 0x0,

    /* U+0165 "ť" */
    0x0, 0x0, 0x3f, 0x30, 0x0, 0x3, 0xf2, 0x6,
    0xf9, 0x3f, 0x10, 0x6f, 0x90, 0x0, 0xdf, 0xff,
    0xfe, 0x8, 0xcf, 0xda, 0x90, 0x6, 0xf9, 0x0,
    0x0, 0x6f, 0x90, 0x0, 0x6, 0xf9, 0x0, 0x0,
    0x6f, 0x90, 0x0, 0x5, 0xfb, 0x0, 0x0, 0x1f,
    0xfc, 0xd1, 0x0, 0x5d, 0xfd, 0x30,

    /* U+0166 "Ŧ" */
    0xff, 0xff, 0xff, 0xff, 0xf9, 0xcd, 0xde, 0xff,
    0xdd, 0xd7, 0x0, 0x3, 0xfd, 0x0, 0x0, 0x0,
    0x3, 0xfd, 0x0, 0x0, 0x0, 0x3, 0xfd, 0x0,
    0x0, 0x5, 0x9b, 0xff, 0x99, 0x10, 0x8, 0xff,
    0xff, 0xff, 0x20, 0x0, 0x3, 0xfd, 0x0, 0x0,
    0x0, 0x3, 0xfd, 0x0, 0x0, 0x0, 0x3, 0xfd,
    0x0, 0x0, 0x0, 0x3, 0xfd, 0x0, 0x0, 0x0,
    0x3, 0xfd, 0x0, 0x0,

    /* U+0167 "ŧ" */
    0x6, 0xfa, 0x0, 0x0, 0x6f, 0xa0, 0x0, 0xcf,
    0xff, 0xfe, 0x8, 0xcf, 0xda, 0x90, 0x6, 0xfa,
    0x0, 0x0, 0x6f, 0xa1, 0x0, 0xcf, 0xff, 0xf4,
    0x3, 0x8f, 0xb4, 0x10, 0x5, 0xfb, 0x0, 0x0,
    0x1f, 0xfc, 0xd2, 0x0, 0x4d, 0xfd, 0x30,

    /* U+0168 "Ũ" */
    0x0, 0x0, 0x0, 0x0, 0x0, 0x0, 0x2, 0xef,
    0x82, 0xe4, 0x0, 0x0, 0x9b, 0x5e, 0xfd, 0x0,
    0x0, 0x2, 0x10, 0x3, 0x0, 0x0, 0x9f, 0x70,
    0x0, 0x0, 0xdf, 0x39, 0xf7, 0x0, 0x0, 0xd,
    0xf3, 0x9f, 0x70, 0x0, 0x0, 0xdf, 0x39, 0xf7,
    0x0, 0x0, 0xd, 0xf3, 0x9f, 0x70, 0x0, 0x0,
    0xdf, 0x39, 0xf7, 0x0, 0x0, 0xd, 0xf3, 0x9f,
    0x70, 0x0, 0x0, 0xdf, 0x38, 0xf9, 0x0, 0x0,
    0xe, 0xf2, 0x6f, 0xd0, 0x0, 0x2, 0xff, 0x1,
    0xff, 0x90, 0x2, 0xcf, 0xa0, 0x6, 0xff, 0xff,
    0xff, 0xe1, 0x0, 0x4, 0xbe, 0xfe, 0x91, 0x0,

    /* U+0169 "ũ" */
    0x2, 0xdf, 0xff, 0xf1, 0x0, 0x13, 0x33, 0x31,
    0x0, 0x0, 0x0, 0x0, 0x0, 0xc, 0xf4, 0x0,
    0x6, 0xf9, 0xcf, 0x40, 0x0, 0x6f, 0x9c, 0xf4,
    0x0, 0x6, 0xf9, 0xcf, 0x40, 0x0, 0x6f, 0x9c,
    0xf4, 0x0, 0x7, 0xf9, 0xbf, 0x50, 0x0, 0x9f,
    0x99, 0xfc, 0x0, 0x3f, 0xf9, 0x2f, 0xff, 0xef,
    0xff, 0x90, 0x3b, 0xef, 0xa6, 0xf9,

    /* U+016A "Ū" */
    0x0, 0x0, 0x0, 0x0, 0x0, 0x0, 0x7, 0xff,
    0xff, 0xf1, 0x0, 0x0, 0x13, 0x33, 0x33, 0x0,
    0x0, 0x0, 0x0, 0x0, 0x0, 0x0, 0x9f, 0x70,
    0x0, 0x0, 0xdf, 0x39, 0xf7, 0x0, 0x0, 0xd,
    0xf3, 0x9f, 0x70, 0x0, 0x0, 0xdf, 0x39, 0xf7,
    0x0, 0x0, 0xd, 0xf3, 0x9f, 0x70, 0x0, 0x0,
    0xdf, 0x39, 0xf7, 0x0, 0x0, 0xd, 0xf3, 0x9f,
    0x70, 0x0, 0x0, 0xdf, 0x38, 0xf9, 0x0, 0x0,
    0xe, 0xf2, 0x6f, 0xd0, 0x0, 0x2, 0xff, 0x1,
    0xff, 0x90, 0x2, 0xcf, 0xa0, 0x6, 0xff, 0xff,
    0xff, 0xe1, 0x0, 0x4, 0xbe, 0xfe, 0x91, 0x0,

    /* U+016B "ū" */
    0x5, 0xff, 0xff, 0xf2, 0x0, 0x14, 0x44, 0x44,
    0x0, 0x0, 0x0, 0x0, 0x0, 0xc, 0xf4, 0x0,
    0x6, 0xf9, 0xcf, 0x40, 0x0, 0x6f, 0x9c, 0xf4,
    0x0, 0x6, 0xf9, 0xcf, 0x40, 0x0, 0x6f, 0x9c,
    0xf4, 0x0, 0x7, 0xf9, 0xbf, 0x50, 0x0, 0x9f,
    0x99, 0xfc, 0x0, 0x3f, 0xf9, 0x2f, 0xff, 0xef,
    0xff, 0x90, 0x3b, 0xef, 0xa6, 0xf9,

    /* U+016C "Ŭ" */
    0x0, 0x4f, 0x30, 0x7f, 0x0, 0x0, 0x0, 0x9f,
    0xfe, 0x50, 0x0, 0x0, 0x0, 0x1, 0x0, 0x0,
    0x9, 0xf7, 0x0, 0x0, 0xd, 0xf3, 0x9f, 0x70,
    0x0, 0x0, 0xdf, 0x39, 0xf7, 0x0, 0x0, 0xd,
    0xf3, 0x9f, 0x70, 0x0, 0x0, 0xdf, 0x39, 0xf7,
    0x0, 0x0, 0xd, 0xf3, 0x9f, 0x70, 0x0, 0x0,
    0xdf, 0x39, 0xf7, 0x0, 0x0, 0xd, 0xf3, 0x8f,
    0x90, 0x0, 0x0, 0xef, 0x26, 0xfd, 0x0, 0x0,
    0x2f, 0xf0, 0x1f, 0xf9, 0x0, 0x2c, 0xfa, 0x0,
    0x6f, 0xff, 0xff, 0xfe, 0x10, 0x0, 0x4b, 0xef,
    0xe9, 0x10, 0x0,

    /* U+016D "ŭ" */
    0x3, 0xf4, 0x6, 0xf0, 0x0, 0x8, 0xff, 0xf6,
    0x0, 0x0, 0x0, 0x20, 0x0, 0xc, 0xf4, 0x0,
    0x6, 0xf9, 0xcf, 0x40, 0x0, 0x6f, 0x9c, 0xf4,
    0x0, 0x6, 0xf9, 0xcf, 0x40, 0x0, 0x6f, 0x9c,
    0xf4, 0x0, 0x7, 0xf9, 0xbf, 0x50, 0x0, 0x9f,
    0x99, 0xfc, 0x0, 0x3f, 0xf9, 0x2f, 0xff, 0xef,
    0xff, 0x90, 0x3b, 0xef, 0xa6, 0xf9,

    /* U+016E "Ů" */
    0x0, 0x0, 0xad, 0x60, 0x0, 0x0, 0x0, 0x68,
    0xd, 0x0, 0x0, 0x0, 0x7, 0x50, 0xb2, 0x0,
    0x0, 0x0, 0x2d, 0x9b, 0x0, 0x0, 0x9f, 0x70,
    0x24, 0x0, 0xdf, 0x39, 0xf7, 0x0, 0x0, 0xd,
    0xf3, 0x9f, 0x70, 0x0, 0x0, 0xdf, 0x39, 0xf7,
    0x0, 0x0, 0xd, 0xf3, 0x9f, 0x70, 0x0, 0x0,
    0xdf, 0x39, 0xf7, 0x0, 0x0, 0xd, 0xf3, 0x9f,
    0x70, 0x0, 0x0, 0xdf, 0x38, 0xf9, 0x0, 0x0,
    0xe, 0xf2, 0x6f, 0xd0, 0x0, 0x2, 0xff, 0x1,
    0xff, 0x90, 0x2, 0xcf, 0xa0, 0x6, 0xff, 0xff,
    0xff, 0xe1, 0x0, 0x4, 0xbe, 0xfe, 0x91, 0x0,

    /* U+016F "ů" */
    0x0, 0xa, 0xd7, 0x0, 0x0, 0x5, 0x90, 0xc2,
    0x0, 0x0, 0x58, 0xb, 0x20, 0x0, 0x0, 0xad,
    0x70, 0x0, 0x0, 0x0, 0x0, 0x0, 0xc, 0xf4,
    0x0, 0x6, 0xf9, 0xcf, 0x40, 0x0, 0x6f, 0x9c,
    0xf4, 0x0, 0x6, 0xf9, 0xcf, 0x40, 0x0, 0x6f,
    0x9c, 0xf4, 0x0, 0x7, 0xf9, 0xbf, 0x50, 0x0,
    0x9f, 0x99, 0xfc, 0x0, 0x3f, 0xf9, 0x2f, 0xff,
    0xef, 0xff, 0x90, 0x3b, 0xef, 0xa6, 0xf9,

    /* U+0170 "Ű" */
    0x0, 0x0, 0xee, 0x1e, 0xe1, 0x0, 0x0, 0x8f,
    0x37, 0xf3, 0x0, 0x0, 0x4, 0x30, 0x43, 0x0,
    0x9, 0xf7, 0x0, 0x0, 0xd, 0xf3, 0x9f, 0x70,
    0x0, 0x0, 0xdf, 0x39, 0xf7, 0x0, 0x0, 0xd,
    0xf3, 0x9f, 0x70, 0x0, 0x0, 0xdf, 0x39, 0xf7,
    0x0, 0x0, 0xd, 0xf3, 0x9f, 0x70, 0x0, 0x0,
    0xdf, 0x39, 0xf7, 0x0, 0x0, 0xd, 0xf3, 0x8f,
    0x90, 0x0, 0x0, 0xef, 0x26, 0xfd, 0x0, 0x0,
    0x2f, 0xf0, 0x1f, 0xf9, 0x0, 0x2c, 0xfa, 0x0,
    0x6f, 0xff, 0xff, 0xfe, 0x10, 0x0, 0x4b, 0xef,
    0xe9, 0x10, 0x0,

    /* U+0171 "ű" */
    0x0, 0xd, 0xe2, 0xde, 0x10, 0x6, 0xf4, 0x6f,
    0x40, 0x0, 0x33, 0x3, 0x30, 0xc, 0xf4, 0x0,
    0x6, 0xf9, 0xcf, 0x40, 0x0, 0x6f, 0x9c, 0xf4,
    0x0, 0x6, 0xf9, 0xcf, 0x40, 0x0, 0x6f, 0x9c,
    0xf4, 0x0, 0x7, 0xf9, 0xbf, 0x50, 0x0, 0x9f,
    0x99, 0xfc, 0x0, 0x3f, 0xf9, 0x2f, 0xff, 0xef,
    0xff, 0x90, 0x3b, 0xef, 0xa6, 0xf9,

    /* U+0172 "Ų" */
    0x9f, 0x70, 0x0, 0x0, 0xdf, 0x39, 0xf7, 0x0,
    0x0, 0xd, 0xf3, 0x9f, 0x70, 0x0, 0x0, 0xdf,
    0x39, 0xf7, 0x0, 0x0, 0xd, 0xf3, 0x9f, 0x70,
    0x0, 0x0, 0xdf, 0x39, 0xf7, 0x0, 0x0, 0xd,
    0xf3, 0x9f, 0x80, 0x0, 0x0, 0xdf, 0x38, 0xf9,
    0x0, 0x0, 0xf, 0xf1, 0x4f, 0xe1, 0x0, 0x5,
    0xfe, 0x0, 0xdf, 0xd6, 0x58, 0xff, 0x60, 0x2,
    0xdf, 0xff, 0xff, 0x80, 0x0, 0x0, 0x4c, 0xfa,
    0x20, 0x0, 0x0, 0x1, 0xf5, 0x0, 0x0, 0x0,
    0x0, 0x4f, 0x21, 0x0, 0x0, 0x0, 0x0, 0xcf,
    0xf1, 0x0, 0x0, 0x0, 0x0, 0x10, 0x0, 0x0,

    /* U+0173 "ų" */
    0xcf, 0x40, 0x0, 0x6f, 0x9c, 0xf4, 0x0, 0x6,
    0xf9, 0xcf, 0x40, 0x0, 0x6f, 0x9c, 0xf4, 0x0,
    0x6, 0xf9, 0xcf, 0x40, 0x0, 0x7f, 0x9b, 0xf5,
    0x0, 0x9, 0xf9, 0x9f, 0xc0, 0x3, 0xff, 0x92,
    0xff, 0xfe, 0xff, 0xf9, 0x3, 0xbe, 0xfa, 0x7f,
    0xc0, 0x0, 0x0, 0x1d, 0xa0, 0x0, 0x0, 0x7,
    0xd0, 0x0, 0x0, 0x0, 0x9d, 0x1, 0x0, 0x0,
    0x2, 0xef, 0xc0, 0x0, 0x0, 0x0, 0x10,

    /* U+0174 "Ŵ" */
    0x0, 0x0, 0x0, 0x3, 0xff, 0x80, 0x0, 0x0,
    0x0, 0x0, 0x0, 0x0, 0x2e, 0xc7, 0xf5, 0x0,
    0x0, 0x0, 0x0, 0x0, 0x0, 0x57, 0x0, 0x57,
    0x0, 0x0, 0x0, 0x6f, 0xb0, 0x0, 0x0, 0xef,
    0x50, 0x0, 0x4, 0xfb, 0x1f, 0xf1, 0x0, 0x3,
    0xff, 0xa0, 0x0, 0x9, 0xf6, 0xc, 0xf5, 0x0,
    0x8, 0xff, 0xf0, 0x0, 0xe, 0xf1, 0x7, 0xfa,
    0x0, 0xd, 0xfc, 0xf4, 0x0, 0x3f, 0xc0, 0x2,
    0xff, 0x0, 0x2f, 0xc6, 0xf9, 0x0, 0x8f, 0x70,
    0x0, 0xdf, 0x40, 0x7f, 0x61, 0xfe, 0x0, 0xdf,
    0x20, 0x0, 0x8f, 0x90, 0xcf, 0x10, 0xcf, 0x32,
    0xfd, 0x0, 0x0, 0x4f, 0xe1, 0xfc, 0x0, 0x7f,
    0x87, 0xf8, 0x0, 0x0, 0xe, 0xf9, 0xf7, 0x0,
    0x2f, 0xdc, 0xf3, 0x0, 0x0, 0xa, 0xff, 0xf2,
    0x0, 0xd, 0xff, 0xe0, 0x0, 0x0, 0x5, 0xff,
    0xd0, 0x0, 0x8, 0xff, 0x90, 0x0, 0x0, 0x0,
    0xff, 0x80, 0x0, 0x3, 0xff, 0x40, 0x0,

    /* U+0175 "ŵ" */
    0x0, 0x0, 0x3, 0xef, 0xb0, 0x0, 0x0, 0x0,
    0x0, 0x4, 0xe8, 0x2c, 0xc1, 0x0, 0x0, 0x0,
    0x0, 0x0, 0x0, 0x0, 0x0, 0x0, 0xc, 0xf1,
    0x0, 0x9, 0xf6, 0x0, 0x5, 0xf7, 0x6f, 0x70,
    0x0, 0xff, 0xc0, 0x0, 0xaf, 0x11, 0xfc, 0x0,
    0x5f, 0xff, 0x10, 0xf, 0xc0, 0xb, 0xf2, 0xa,
    0xf7, 0xf7, 0x5, 0xf6, 0x0, 0x5f, 0x71, 0xfb,
    0xf, 0xc0, 0xbf, 0x10, 0x0, 0xfd, 0x6f, 0x60,
    0xaf, 0x3f, 0xb0, 0x0, 0xa, 0xfd, 0xf0, 0x5,
    0xfd, 0xf5, 0x0, 0x0, 0x5f, 0xfa, 0x0, 0xf,
    0xff, 0x0, 0x0, 0x0, 0xff, 0x40, 0x0, 0x9f,
    0xa0, 0x0,

    /* U+0176 "Ŷ" */
    0x0, 0x0, 0x2d, 0xe9, 0x0, 0x0, 0x0, 0x2,
    0xea, 0x4e, 0xa0, 0x0, 0x0, 0x1, 0x20, 0x0,
    0x20, 0x0, 0xd, 0xf5, 0x0, 0x0, 0x9, 0xf6,
    0x4, 0xfe, 0x0, 0x0, 0x3f, 0xd0, 0x0, 0xbf,
    0x70, 0x0, 0xbf, 0x50, 0x0, 0x2f, 0xf1, 0x5,
    0xfb, 0x0, 0x0, 0x9, 0xf9, 0xd, 0xf3, 0x0,
    0x0, 0x1, 0xff, 0x9f, 0xa0, 0x0, 0x0, 0x0,
    0x7f, 0xff, 0x10, 0x0, 0x0, 0x0, 0xe, 0xf8,
    0x0, 0x0, 0x0, 0x0, 0xc, 0xf5, 0x0, 0x0,
    0x0, 0x0, 0xc, 0xf5, 0x0, 0x0, 0x0, 0x0,
    0xc, 0xf5, 0x0, 0x0, 0x0, 0x0, 0xc, 0xf5,
    0x0, 0x0,

    /* U+0177 "ŷ" */
    0x0, 0x2, 0xef, 0xc1, 0x0, 0x0, 0x3, 0xe9,
    0x1b, 0xc1, 0x0, 0x0, 0x0, 0x0, 0x0, 0x0,
    0x0, 0xdf, 0x30, 0x0, 0xd, 0xf1, 0x7, 0xf9,
    0x0, 0x3, 0xfa, 0x0, 0xf, 0xf1, 0x0, 0xaf,
    0x30, 0x0, 0x9f, 0x70, 0x1f, 0xd0, 0x0, 0x2,
    0xfd, 0x8, 0xf6, 0x0, 0x0, 0xb, 0xf5, 0xee,
    0x0, 0x0, 0x0, 0x4f, 0xef, 0x80, 0x0, 0x0,
    0x0, 0xdf, 0xf2, 0x0, 0x0, 0x0, 0x7, 0xfb,
    0x0, 0x0, 0x1, 0x0, 0xbf, 0x40, 0x0, 0x0,
    0xed, 0xdf, 0xb0, 0x0, 0x0, 0xa, 0xee, 0xa0,
    0x0, 0x0, 0x0,

    /* U+0178 "Ÿ" */
    0x0, 0x1, 0xe7, 0xd, 0x90, 0x0, 0x0, 0x1,
    0xe8, 0xd, 0x90, 0x0, 0x0, 0x0, 0x0, 0x0,
    0x0, 0x0, 0xd, 0xf5, 0x0, 0x0, 0x9, 0xf6,
    0x4, 0xfe, 0x0, 0x0, 0x3f, 0xd0, 0x0, 0xbf,
    0x70, 0x0, 0xbf, 0x50, 0x0, 0x2f, 0xf1, 0x5,
    0xfb, 0x0, 0x0, 0x9, 0xf9, 0xd, 0xf3, 0x0,
    0x0, 0x1, 0xff, 0x9f, 0xa0, 0x0, 0x0, 0x0,
    0x7f, 0xff, 0x10, 0x0, 0x0, 0x0, 0xe, 0xf8,
    0x0, 0x0, 0x0, 0x0, 0xc, 0xf5, 0x0, 0x0,
    0x0, 0x0, 0xc, 0xf5, 0x0, 0x0, 0x0, 0x0,
    0xc, 0xf5, 0x0, 0x0, 0x0, 0x0, 0xc, 0xf5,
    0x0, 0x0,

    /* U+0179 "Ź" */
    0x0, 0x0, 0x3, 0xfe, 0x20, 0x0, 0x0, 0x2,
    0xed, 0x10, 0x0, 0x0, 0x0, 0x57, 0x10, 0x0,
    0x3, 0xff, 0xff, 0xff, 0xff, 0xf0, 0x3d, 0xdd,
    0xdd, 0xdf, 0xfe, 0x0, 0x0, 0x0, 0x4, 0xff,
    0x30, 0x0, 0x0, 0x1, 0xef, 0x70, 0x0, 0x0,
    0x0, 0xbf, 0xb0, 0x0, 0x0, 0x0, 0x8f, 0xd1,
    0x0, 0x0, 0x0, 0x4f, 0xf3, 0x0, 0x0, 0x0,
    0x1e, 0xf6, 0x0, 0x0, 0x0, 0xc, 0xfa, 0x0,
    0x0, 0x0, 0x8, 0xfd, 0x0, 0x0, 0x0, 0x3,
    0xff, 0xed, 0xdd, 0xdd, 0xd2, 0x5f, 0xff, 0xff,
    0xff, 0xff, 0x30,

    /* U+017A "ź" */
    0x0, 0x0, 0x7f, 0xa1, 0x0, 0x8, 0xe6, 0x0,
    0x0, 0x0, 0x0, 0x0, 0x4f, 0xff, 0xff, 0xfd,
    0x3a, 0xaa, 0xaf, 0xfa, 0x0, 0x0, 0x5f, 0xd1,
    0x0, 0x2, 0xff, 0x30, 0x0, 0xd, 0xf5, 0x0,
    0x0, 0xaf, 0x90, 0x0, 0x7, 0xfc, 0x0, 0x0,
    0x3f, 0xfc, 0xaa, 0xaa, 0x6f, 0xff, 0xff, 0xff,

    /* U+017B "Ż" */
    0x0, 0x0, 0x6f, 0x40, 0x0, 0x0, 0x0, 0x9,
    0xf7, 0x0, 0x0, 0x0, 0x0, 0x15, 0x0, 0x0,
    0x3, 0xff, 0xff, 0xff, 0xff, 0xf0, 0x3d, 0xdd,
    0xdd, 0xdf, 0xfe, 0x0, 0x0, 0x0, 0x4, 0xff,
    0x30, 0x0, 0x0, 0x1, 0xef, 0x70, 0x0, 0x0,
    0x0, 0xbf, 0xb0, 0x0, 0x0, 0x0, 0x8f, 0xd1,
    0x0, 0x0, 0x0, 0x4f, 0xf3, 0x0, 0x0, 0x0,
    0x1e, 0xf6, 0x0, 0x0, 0x0, 0xc, 0xfa, 0x0,
    0x0, 0x0, 0x8, 0xfd, 0x0, 0x0, 0x0, 0x3,
    0xff, 0xed, 0xdd, 0xdd, 0xd2, 0x5f, 0xff, 0xff,
    0xff, 0xff, 0x30,

    /* U+017C "ż" */
    0x0, 0x2, 0x60, 0x0, 0x0, 0xc, 0xf5, 0x0,
    0x0, 0x7, 0xc2, 0x0, 0x0, 0x0, 0x0, 0x0,
    0x4f, 0xff, 0xff, 0xfd, 0x3a, 0xaa, 0xaf, 0xfa,
    0x0, 0x0, 0x5f, 0xd1, 0x0, 0x2, 0xff, 0x30,
    0x0, 0xd, 0xf5, 0x0, 0x0, 0xaf, 0x90, 0x0,
    0x7, 0xfc, 0x0, 0x0, 0x3f, 0xfc, 0xaa, 0xaa,
    0x6f, 0xff, 0xff, 0xff,

    /* U+017D "Ž" */
    0x0, 0x3f, 0x80, 0xae, 0x20, 0x0, 0x0, 0x5f,
    0xef, 0x30, 0x0, 0x0, 0x0, 0x58, 0x40, 0x0,
    0x3, 0xff, 0xff, 0xff, 0xff, 0xf0, 0x3d, 0xdd,
    0xdd, 0xdf, 0xfe, 0x0, 0x0, 0x0, 0x4, 0xff,
    0x30, 0x0, 0x0, 0x1, 0xef, 0x70, 0x0, 0x0,
    0x0, 0xbf, 0xb0, 0x0, 0x0, 0x0, 0x8f, 0xd1,
    0x0, 0x0, 0x0, 0x4f, 0xf3, 0x0, 0x0, 0x0,
    0x1e, 0xf6, 0x0, 0x0, 0x0, 0xc, 0xfa, 0x0,
    0x0, 0x0, 0x8, 0xfd, 0x0, 0x0, 0x0, 0x3,
    0xff, 0xed, 0xdd, 0xdd, 0xd2, 0x5f, 0xff, 0xff,
    0xff, 0xff, 0x30,

    /* U+017E "ž" */
    0x4, 0xf8, 0x2d, 0xb0, 0x0, 0x3e, 0xfa, 0x0,
    0x0, 0x0, 0x0, 0x0, 0x4f, 0xff, 0xff, 0xfd,
    0x3a, 0xaa, 0xaf, 0xfa, 0x0, 0x0, 0x5f, 0xd1,
    0x0, 0x2, 0xff, 0x30, 0x0, 0xd, 0xf5, 0x0,
    0x0, 0xaf, 0x90, 0x0, 0x7, 0xfc, 0x0, 0x0,
    0x3f, 0xfc, 0xaa, 0xaa, 0x6f, 0xff, 0xff, 0xff,

    /* U+017F "ſ" */
    0x0, 0x3c, 0xfe, 0x50, 0xe, 0xfc, 0xc3, 0x3,
    0xfd, 0x0, 0xa, 0xff, 0xc0, 0x0, 0x6b, 0xfc,
    0x0, 0x0, 0x4f, 0xc0, 0x0, 0x4, 0xfc, 0x0,
    0x0, 0x4f, 0xc0, 0x0, 0x4, 0xfc, 0x0, 0x0,
    0x4f, 0xc0, 0x0, 0x4, 0xfc, 0x0, 0x0, 0x4f,
    0xc0, 0x0,

    /* U+2022 "•" */
    0x2, 0x95, 0x0, 0xdf, 0xf3, 0xf, 0xff, 0x50,
    0x7f, 0xb0
};


/*---------------------
 *  GLYPH DESCRIPTION
 *--------------------*/

static const lv_font_fmt_txt_glyph_dsc_t glyph_dsc[] = {
    {.bitmap_index = 0, .adv_w = 0, .box_w = 0, .box_h = 0, .ofs_x = 0, .ofs_y = 0} /* id = 0 reserved */,
    {.bitmap_index = 0, .adv_w = 71, .box_w = 0, .box_h = 0, .ofs_x = 0, .ofs_y = 0},
    {.bitmap_index = 0, .adv_w = 71, .box_w = 4, .box_h = 12, .ofs_x = 0, .ofs_y = 0},
    {.bitmap_index = 24, .adv_w = 106, .box_w = 6, .box_h = 5, .ofs_x = 0, .ofs_y = 7},
    {.bitmap_index = 39, .adv_w = 182, .box_w = 12, .box_h = 12, .ofs_x = 0, .ofs_y = 0},
    {.bitmap_index = 111, .adv_w = 161, .box_w = 10, .box_h = 16, .ofs_x = 0, .ofs_y = -2},
    {.bitmap_index = 191, .adv_w = 220, .box_w = 14, .box_h = 12, .ofs_x = 0, .ofs_y = 0},
    {.bitmap_index = 275, .adv_w = 181, .box_w = 12, .box_h = 13, .ofs_x = 0, .ofs_y = -1},
    {.bitmap_index = 353, .adv_w = 56, .box_w = 3, .box_h = 5, .ofs_x = 0, .ofs_y = 7},
    {.bitmap_index = 361, .adv_w = 89, .box_w = 5, .box_h = 15, .ofs_x = 1, .ofs_y = -3},
    {.bitmap_index = 399, .adv_w = 89, .box_w = 5, .box_h = 15, .ofs_x = 0, .ofs_y = -3},
    {.bitmap_index = 437, .adv_w = 106, .box_w = 7, .box_h = 7, .ofs_x = 0, .ofs_y = 5},
    {.bitmap_index = 462, .adv_w = 151, .box_w = 8, .box_h = 8, .ofs_x = 1, .ofs_y = 2},
    {.bitmap_index = 494, .adv_w = 62, .box_w = 4, .box_h = 6, .ofs_x = 0, .ofs_y = -3},
    {.bitmap_index = 506, .adv_w = 99, .box_w = 6, .box_h = 2, .ofs_x = 0, .ofs_y = 4},
    {.bitmap_index = 512, .adv_w = 62, .box_w = 4, .box_h = 3, .ofs_x = 0, .ofs_y = 0},
    {.bitmap_index = 518, .adv_w = 95, .box_w = 8, .box_h = 16, .ofs_x = -1, .ofs_y = -2},
    {.bitmap_index = 582, .adv_w = 172, .box_w = 11, .box_h = 12, .ofs_x = 0, .ofs_y = 0},
    {.bitmap_index = 648, .adv_w = 98, .box_w = 5, .box_h = 12, .ofs_x = 0, .ofs_y = 0},
    {.bitmap_index = 678, .adv_w = 149, .box_w = 9, .box_h = 12, .ofs_x = 0, .ofs_y = 0},
    {.bitmap_index = 732, .adv_w = 149, .box_w = 9, .box_h = 12, .ofs_x = 0, .ofs_y = 0},
    {.bitmap_index = 786, .adv_w = 174, .box_w = 11, .box_h = 12, .ofs_x = 0, .ofs_y = 0},
    {.bitmap_index = 852, .adv_w = 150, .box_w = 9, .box_h = 12, .ofs_x = 0, .ofs_y = 0},
    {.bitmap_index = 906, .adv_w = 161, .box_w = 10, .box_h = 12, .ofs_x = 0, .ofs_y = 0},
    {.bitmap_index = 966, .adv_w = 156, .box_w = 10, .box_h = 12, .ofs_x = 0, .ofs_y = 0},
    {.bitmap_index = 1026, .adv_w = 167, .box_w = 10, .box_h = 12, .ofs_x = 0, .ofs_y = 0},
    {.bitmap_index = 1086, .adv_w = 161, .box_w = 10, .box_h = 12, .ofs_x = 0, .ofs_y = 0},
    {.bitmap_index = 1146, .adv_w = 62, .box_w = 4, .box_h = 9, .ofs_x = 0, .ofs_y = 0},
    {.bitmap_index = 1164, .adv_w = 62, .box_w = 4, .box_h = 12, .ofs_x = 0, .ofs_y = -3},
    {.bitmap_index = 1188, .adv_w = 151, .box_w = 8, .box_h = 9, .ofs_x = 1, .ofs_y = 1},
    {.bitmap_index = 1224, .adv_w = 151, .box_w = 8, .box_h = 6, .ofs_x = 1, .ofs_y = 3},
    {.bitmap_index = 1248, .adv_w = 151, .box_w = 8, .box_h = 9, .ofs_x = 1, .ofs_y = 1},
    {.bitmap_index = 1284, .adv_w = 149, .box_w = 9, .box_h = 12, .ofs_x = 0, .ofs_y = 0},
    {.bitmap_index = 1338, .adv_w = 265, .box_w = 16, .box_h = 15, .ofs_x = 0, .ofs_y = -3},
    {.bitmap_index = 1458, .adv_w = 192, .box_w = 14, .box_h = 12, .ofs_x = -1, .ofs_y = 0},
    {.bitmap_index = 1542, .adv_w = 195, .box_w = 11, .box_h = 12, .ofs_x = 1, .ofs_y = 0},
    {.bitmap_index = 1608, .adv_w = 184, .box_w = 12, .box_h = 12, .ofs_x = 0, .ofs_y = 0},
    {.bitmap_index = 1680, .adv_w = 211, .box_w = 12, .box_h = 12, .ofs_x = 1, .ofs_y = 0},
    {.bitmap_index = 1752, .adv_w = 172, .box_w = 9, .box_h = 12, .ofs_x = 1, .ofs_y = 0},
    {.bitmap_index = 1806, .adv_w = 163, .box_w = 9, .box_h = 12, .ofs_x = 1, .ofs_y = 0},
    {.bitmap_index = 1860, .adv_w = 198, .box_w = 12, .box_h = 12, .ofs_x = 0, .ofs_y = 0},
    {.bitmap_index = 1932, .adv_w = 207, .box_w = 11, .box_h = 12, .ofs_x = 1, .ofs_y = 0},
    {.bitmap_index = 1998, .adv_w = 82, .box_w = 3, .box_h = 12, .ofs_x = 1, .ofs_y = 0},
    {.bitmap_index = 2016, .adv_w = 135, .box_w = 9, .box_h = 12, .ofs_x = -1, .ofs_y = 0},
    {.bitmap_index = 2070, .adv_w = 187, .box_w = 11, .box_h = 12, .ofs_x = 1, .ofs_y = 0},
    {.bitmap_index = 2136, .adv_w = 153, .box_w = 9, .box_h = 12, .ofs_x = 1, .ofs_y = 0},
    {.bitmap_index = 2190, .adv_w = 244, .box_w = 13, .box_h = 12, .ofs_x = 1, .ofs_y = 0},
    {.bitmap_index = 2268, .adv_w = 207, .box_w = 11, .box_h = 12, .ofs_x = 1, .ofs_y = 0},
    {.bitmap_index = 2334, .adv_w = 216, .box_w = 13, .box_h = 12, .ofs_x = 0, .ofs_y = 0},
    {.bitmap_index = 2412, .adv_w = 186, .box_w = 10, .box_h = 12, .ofs_x = 1, .ofs_y = 0},
    {.bitmap_index = 2472, .adv_w = 216, .box_w = 14, .box_h = 15, .ofs_x = 0, .ofs_y = -3},
    {.bitmap_index = 2577, .adv_w = 187, .box_w = 11, .box_h = 12, .ofs_x = 1, .ofs_y = 0},
    {.bitmap_index = 2643, .adv_w = 161, .box_w = 10, .box_h = 12, .ofs_x = 0, .ofs_y = 0},
    {.bitmap_index = 2703, .adv_w = 154, .box_w = 10, .box_h = 12, .ofs_x = 0, .ofs_y = 0},
    {.bitmap_index = 2763, .adv_w = 202, .box_w = 11, .box_h = 12, .ofs_x = 1, .ofs_y = 0},
    {.bitmap_index = 2829, .adv_w = 187, .box_w = 13, .box_h = 12, .ofs_x = -1, .ofs_y = 0},
    {.bitmap_index = 2907, .adv_w = 293, .box_w = 18, .box_h = 12, .ofs_x = 0, .ofs_y = 0},
    {.bitmap_index = 3015, .adv_w = 177, .box_w = 11, .box_h = 12, .ofs_x = 0, .ofs_y = 0},
    {.bitmap_index = 3081, .adv_w = 169, .box_w = 12, .box_h = 12, .ofs_x = -1, .ofs_y = 0},
    {.bitmap_index = 3153, .adv_w = 170, .box_w = 11, .box_h = 12, .ofs_x = 0, .ofs_y = 0},
    {.bitmap_index = 3219, .adv_w = 90, .box_w = 5, .box_h = 15, .ofs_x = 1, .ofs_y = -3},
    {.bitmap_index = 3257, .adv_w = 95, .box_w = 8, .box_h = 16, .ofs_x = -1, .ofs_y = -2},
    {.bitmap_index = 3321, .adv_w = 90, .box_w = 5, .box_h = 15, .ofs_x = 0, .ofs_y = -3},
    {.bitmap_index = 3359, .adv_w = 151, .box_w = 8, .box_h = 7, .ofs_x = 1, .ofs_y = 2},
    {.bitmap_index = 3387, .adv_w = 128, .box_w = 8, .box_h = 3, .ofs_x = 0, .ofs_y = -2},
    {.bitmap_index = 3399, .adv_w = 154, .box_w = 6, .box_h = 3, .ofs_x = 1, .ofs_y = 10},
    {.bitmap_index = 3408, .adv_w = 155, .box_w = 9, .box_h = 9, .ofs_x = 0, .ofs_y = 0},
    {.bitmap_index = 3449, .adv_w = 176, .box_w = 10, .box_h = 12, .ofs_x = 1, .ofs_y = 0},
    {.bitmap_index = 3509, .adv_w = 149, .box_w = 9, .box_h = 9, .ofs_x = 0, .ofs_y = 0},
    {.bitmap_index = 3550, .adv_w = 176, .box_w = 10, .box_h = 12, .ofs_x = 0, .ofs_y = 0},
    {.bitmap_index = 3610, .adv_w = 159, .box_w = 10, .box_h = 9, .ofs_x = 0, .ofs_y = 0},
    {.bitmap_index = 3655, .adv_w = 94, .box_w = 7, .box_h = 12, .ofs_x = 0, .ofs_y = 0},
    {.bitmap_index = 3697, .adv_w = 178, .box_w = 10, .box_h = 12, .ofs_x = 0, .ofs_y = -3},
    {.bitmap_index = 3757, .adv_w = 175, .box_w = 9, .box_h = 12, .ofs_x = 1, .ofs_y = 0},
    {.bitmap_index = 3811, .adv_w = 74, .box_w = 3, .box_h = 13, .ofs_x = 1, .ofs_y = 0},
    {.bitmap_index = 3831, .adv_w = 76, .box_w = 6, .box_h = 16, .ofs_x = -2, .ofs_y = -3},
    {.bitmap_index = 3879, .adv_w = 163, .box_w = 10, .box_h = 12, .ofs_x = 1, .ofs_y = 0},
    {.bitmap_index = 3939, .adv_w = 74, .box_w = 3, .box_h = 12, .ofs_x = 1, .ofs_y = 0},
    {.bitmap_index = 3957, .adv_w = 270, .box_w = 15, .box_h = 9, .ofs_x = 1, .ofs_y = 0},
    {.bitmap_index = 4025, .adv_w = 175, .box_w = 9, .box_h = 9, .ofs_x = 1, .ofs_y = 0},
    {.bitmap_index = 4066, .adv_w = 165, .box_w = 10, .box_h = 9, .ofs_x = 0, .ofs_y = 0},
    {.bitmap_index = 4111, .adv_w = 176, .box_w = 10, .box_h = 12, .ofs_x = 1, .ofs_y = -3},
    {.bitmap_index = 4171, .adv_w = 176, .box_w = 10, .box_h = 12, .ofs_x = 0, .ofs_y = -3},
    {.bitmap_index = 4231, .adv_w = 108, .box_w = 6, .box_h = 9, .ofs_x = 1, .ofs_y = 0},
    {.bitmap_index = 4258, .adv_w = 132, .box_w = 8, .box_h = 9, .ofs_x = 0, .ofs_y = 0},
    {.bitmap_index = 4294, .adv_w = 109, .box_w = 7, .box_h = 11, .ofs_x = 0, .ofs_y = 0},
    {.bitmap_index = 4333, .adv_w = 174, .box_w = 9, .box_h = 9, .ofs_x = 1, .ofs_y = 0},
    {.bitmap_index = 4374, .adv_w = 148, .box_w = 11, .box_h = 9, .ofs_x = -1, .ofs_y = 0},
    {.bitmap_index = 4424, .adv_w = 235, .box_w = 15, .box_h = 9, .ofs_x = 0, .ofs_y = 0},
    {.bitmap_index = 4492, .adv_w = 147, .box_w = 10, .box_h = 9, .ofs_x = 0, .ofs_y = 0},
    {.bitmap_index = 4537, .adv_w = 148, .box_w = 11, .box_h = 12, .ofs_x = -1, .ofs_y = -3},
    {.bitmap_index = 4603, .adv_w = 136, .box_w = 8, .box_h = 9, .ofs_x = 0, .ofs_y = 0},
    {.bitmap_index = 4639, .adv_w = 95, .box_w = 6, .box_h = 15, .ofs_x = 0, .ofs_y = -3},
    {.bitmap_index = 4684, .adv_w = 78, .box_w = 3, .box_h = 15, .ofs_x = 1, .ofs_y = -3},
    {.bitmap_index = 4707, .adv_w = 95, .box_w = 6, .box_h = 15, .ofs_x = 0, .ofs_y = -3},
    {.bitmap_index = 4752, .adv_w = 151, .box_w = 9, .box_h = 3, .ofs_x = 0, .ofs_y = 4},
    {.bitmap_index = 4766, .adv_w = 71, .box_w = 4, .box_h = 12, .ofs_x = 0, .ofs_y = -3},
    {.bitmap_index = 4790, .adv_w = 149, .box_w = 9, .box_h = 13, .ofs_x = 0, .ofs_y = -2},
    {.bitmap_index = 4849, .adv_w = 168, .box_w = 11, .box_h = 12, .ofs_x = 0, .ofs_y = 0},
    {.bitmap_index = 4915, .adv_w = 179, .box_w = 11, .box_h = 12, .ofs_x = 0, .ofs_y = -1},
    {.bitmap_index = 4981, .adv_w = 185, .box_w = 13, .box_h = 12, .ofs_x = -1, .ofs_y = 0},
    {.bitmap_index = 5059, .adv_w = 78, .box_w = 3, .box_h = 15, .ofs_x = 1, .ofs_y = -3},
    {.bitmap_index = 5082, .adv_w = 131, .box_w = 8, .box_h = 14, .ofs_x = 0, .ofs_y = -2},
    {.bitmap_index = 5138, .adv_w = 154, .box_w = 6, .box_h = 3, .ofs_x = 2, .ofs_y = 10},
    {.bitmap_index = 5147, .adv_w = 203, .box_w = 12, .box_h = 12, .ofs_x = 0, .ofs_y = 0},
    {.bitmap_index = 5219, .adv_w = 104, .box_w = 6, .box_h = 5, .ofs_x = 0, .ofs_y = 7},
    {.bitmap_index = 5234, .adv_w = 137, .box_w = 9, .box_h = 7, .ofs_x = 0, .ofs_y = 1},
    {.bitmap_index = 5266, .adv_w = 151, .box_w = 8, .box_h = 5, .ofs_x = 1, .ofs_y = 2},
    {.bitmap_index = 5286, .adv_w = 203, .box_w = 12, .box_h = 12, .ofs_x = 0, .ofs_y = 0},
    {.bitmap_index = 5358, .adv_w = 154, .box_w = 6, .box_h = 3, .ofs_x = 2, .ofs_y = 10},
    {.bitmap_index = 5367, .adv_w = 107, .box_w = 7, .box_h = 6, .ofs_x = 0, .ofs_y = 5},
    {.bitmap_index = 5388, .adv_w = 151, .box_w = 8, .box_h = 11, .ofs_x = 1, .ofs_y = 0},
    {.bitmap_index = 5432, .adv_w = 110, .box_w = 7, .box_h = 7, .ofs_x = 0, .ofs_y = 5},
    {.bitmap_index = 5457, .adv_w = 110, .box_w = 7, .box_h = 7, .ofs_x = 0, .ofs_y = 5},
    {.bitmap_index = 5482, .adv_w = 154, .box_w = 5, .box_h = 3, .ofs_x = 3, .ofs_y = 10},
    {.bitmap_index = 5490, .adv_w = 176, .box_w = 9, .box_h = 12, .ofs_x = 1, .ofs_y = -3},
    {.bitmap_index = 5544, .adv_w = 170, .box_w = 10, .box_h = 15, .ofs_x = 0, .ofs_y = -3},
    {.bitmap_index = 5619, .adv_w = 73, .box_w = 4, .box_h = 3, .ofs_x = 0, .ofs_y = 3},
    {.bitmap_index = 5625, .adv_w = 154, .box_w = 5, .box_h = 5, .ofs_x = 2, .ofs_y = -5},
    {.bitmap_index = 5638, .adv_w = 110, .box_w = 5, .box_h = 7, .ofs_x = 1, .ofs_y = 5},
    {.bitmap_index = 5656, .adv_w = 108, .box_w = 7, .box_h = 6, .ofs_x = 0, .ofs_y = 6},
    {.bitmap_index = 5677, .adv_w = 137, .box_w = 8, .box_h = 7, .ofs_x = 0, .ofs_y = 1},
    {.bitmap_index = 5705, .adv_w = 266, .box_w = 16, .box_h = 12, .ofs_x = 1, .ofs_y = 0},
    {.bitmap_index = 5801, .adv_w = 266, .box_w = 15, .box_h = 12, .ofs_x = 1, .ofs_y = -1},
    {.bitmap_index = 5891, .adv_w = 266, .box_w = 17, .box_h = 12, .ofs_x = 0, .ofs_y = 0},
    {.bitmap_index = 5993, .adv_w = 149, .box_w = 10, .box_h = 12, .ofs_x = 0, .ofs_y = -3},
    {.bitmap_index = 6053, .adv_w = 192, .box_w = 14, .box_h = 15, .ofs_x = -1, .ofs_y = 0},
    {.bitmap_index = 6158, .adv_w = 192, .box_w = 14, .box_h = 15, .ofs_x = -1, .ofs_y = 0},
    {.bitmap_index = 6263, .adv_w = 192, .box_w = 14, .box_h = 15, .ofs_x = -1, .ofs_y = 0},
    {.bitmap_index = 6368, .adv_w = 192, .box_w = 14, .box_h = 16, .ofs_x = -1, .ofs_y = 0},
    {.bitmap_index = 6480, .adv_w = 192, .box_w = 14, .box_h = 15, .ofs_x = -1, .ofs_y = 0},
    {.bitmap_index = 6585, .adv_w = 192, .box_w = 14, .box_h = 16, .ofs_x = -1, .ofs_y = 0},
    {.bitmap_index = 6697, .adv_w = 272, .box_w = 18, .box_h = 12, .ofs_x = -1, .ofs_y = 0},
    {.bitmap_index = 6805, .adv_w = 184, .box_w = 12, .box_h = 16, .ofs_x = 0, .ofs_y = -4},
    {.bitmap_index = 6901, .adv_w = 172, .box_w = 9, .box_h = 15, .ofs_x = 1, .ofs_y = 0},
    {.bitmap_index = 6969, .adv_w = 172, .box_w = 9, .box_h = 15, .ofs_x = 1, .ofs_y = 0},
    {.bitmap_index = 7037, .adv_w = 172, .box_w = 9, .box_h = 15, .ofs_x = 1, .ofs_y = 0},
    {.bitmap_index = 7105, .adv_w = 172, .box_w = 9, .box_h = 15, .ofs_x = 1, .ofs_y = 0},
    {.bitmap_index = 7173, .adv_w = 82, .box_w = 5, .box_h = 15, .ofs_x = -1, .ofs_y = 0},
    {.bitmap_index = 7211, .adv_w = 82, .box_w = 5, .box_h = 15, .ofs_x = 1, .ofs_y = 0},
    {.bitmap_index = 7249, .adv_w = 82, .box_w = 7, .box_h = 15, .ofs_x = -1, .ofs_y = 0},
    {.bitmap_index = 7302, .adv_w = 82, .box_w = 6, .box_h = 15, .ofs_x = 0, .ofs_y = 0},
    {.bitmap_index = 7347, .adv_w = 214, .box_w = 13, .box_h = 12, .ofs_x = 0, .ofs_y = 0},
    {.bitmap_index = 7425, .adv_w = 207, .box_w = 11, .box_h = 16, .ofs_x = 1, .ofs_y = 0},
    {.bitmap_index = 7513, .adv_w = 216, .box_w = 13, .box_h = 15, .ofs_x = 0, .ofs_y = 0},
    {.bitmap_index = 7611, .adv_w = 216, .box_w = 13, .box_h = 15, .ofs_x = 0, .ofs_y = 0},
    {.bitmap_index = 7709, .adv_w = 216, .box_w = 13, .box_h = 15, .ofs_x = 0, .ofs_y = 0},
    {.bitmap_index = 7807, .adv_w = 216, .box_w = 13, .box_h = 16, .ofs_x = 0, .ofs_y = 0},
    {.bitmap_index = 7911, .adv_w = 216, .box_w = 13, .box_h = 15, .ofs_x = 0, .ofs_y = 0},
    {.bitmap_index = 8009, .adv_w = 151, .box_w = 7, .box_h = 8, .ofs_x = 1, .ofs_y = 2},
    {.bitmap_index = 8037, .adv_w = 216, .box_w = 13, .box_h = 14, .ofs_x = 0, .ofs_y = -1},
    {.bitmap_index = 8128, .adv_w = 202, .box_w = 11, .box_h = 15, .ofs_x = 1, .ofs_y = 0},
    {.bitmap_index = 8211, .adv_w = 202, .box_w = 11, .box_h = 15, .ofs_x = 1, .ofs_y = 0},
    {.bitmap_index = 8294, .adv_w = 202, .box_w = 11, .box_h = 15, .ofs_x = 1, .ofs_y = 0},
    {.bitmap_index = 8377, .adv_w = 202, .box_w = 11, .box_h = 15, .ofs_x = 1, .ofs_y = 0},
    {.bitmap_index = 8460, .adv_w = 169, .box_w = 12, .box_h = 15, .ofs_x = -1, .ofs_y = 0},
    {.bitmap_index = 8550, .adv_w = 186, .box_w = 10, .box_h = 12, .ofs_x = 1, .ofs_y = 0},
    {.bitmap_index = 8610, .adv_w = 175, .box_w = 10, .box_h = 12, .ofs_x = 1, .ofs_y = 0},
    {.bitmap_index = 8670, .adv_w = 155, .box_w = 9, .box_h = 12, .ofs_x = 0, .ofs_y = 0},
    {.bitmap_index = 8724, .adv_w = 155, .box_w = 9, .box_h = 12, .ofs_x = 0, .ofs_y = 0},
    {.bitmap_index = 8778, .adv_w = 155, .box_w = 9, .box_h = 12, .ofs_x = 0, .ofs_y = 0},
    {.bitmap_index = 8832, .adv_w = 155, .box_w = 9, .box_h = 12, .ofs_x = 0, .ofs_y = 0},
    {.bitmap_index = 8886, .adv_w = 155, .box_w = 9, .box_h = 12, .ofs_x = 0, .ofs_y = 0},
    {.bitmap_index = 8940, .adv_w = 155, .box_w = 9, .box_h = 14, .ofs_x = 0, .ofs_y = 0},
    {.bitmap_index = 9003, .adv_w = 254, .box_w = 16, .box_h = 9, .ofs_x = 0, .ofs_y = 0},
    {.bitmap_index = 9075, .adv_w = 149, .box_w = 9, .box_h = 14, .ofs_x = 0, .ofs_y = -5},
    {.bitmap_index = 9138, .adv_w = 159, .box_w = 10, .box_h = 12, .ofs_x = 0, .ofs_y = 0},
    {.bitmap_index = 9198, .adv_w = 159, .box_w = 10, .box_h = 12, .ofs_x = 0, .ofs_y = 0},
    {.bitmap_index = 9258, .adv_w = 159, .box_w = 10, .box_h = 12, .ofs_x = 0, .ofs_y = 0},
    {.bitmap_index = 9318, .adv_w = 159, .box_w = 10, .box_h = 12, .ofs_x = 0, .ofs_y = 0},
    {.bitmap_index = 9378, .adv_w = 74, .box_w = 5, .box_h = 12, .ofs_x = -1, .ofs_y = 0},
    {.bitmap_index = 9408, .adv_w = 74, .box_w = 6, .box_h = 12, .ofs_x = 0, .ofs_y = 0},
    {.bitmap_index = 9444, .adv_w = 74, .box_w = 6, .box_h = 12, .ofs_x = -1, .ofs_y = 0},
    {.bitmap_index = 9480, .adv_w = 74, .box_w = 5, .box_h = 12, .ofs_x = 0, .ofs_y = 0},
    {.bitmap_index = 9510, .adv_w = 155, .box_w = 9, .box_h = 13, .ofs_x = 0, .ofs_y = 0},
    {.bitmap_index = 9569, .adv_w = 175, .box_w = 9, .box_h = 12, .ofs_x = 1, .ofs_y = 0},
    {.bitmap_index = 9623, .adv_w = 165, .box_w = 10, .box_h = 12, .ofs_x = 0, .ofs_y = 0},
    {.bitmap_index = 9683, .adv_w = 165, .box_w = 10, .box_h = 12, .ofs_x = 0, .ofs_y = 0},
    {.bitmap_index = 9743, .adv_w = 165, .box_w = 10, .box_h = 12, .ofs_x = 0, .ofs_y = 0},
    {.bitmap_index = 9803, .adv_w = 165, .box_w = 10, .box_h = 12, .ofs_x = 0, .ofs_y = 0},
    {.bitmap_index = 9863, .adv_w = 165, .box_w = 10, .box_h = 12, .ofs_x = 0, .ofs_y = 0},
    {.bitmap_index = 9923, .adv_w = 151, .box_w = 8, .box_h = 9, .ofs_x = 1, .ofs_y = 1},
    {.bitmap_index = 9959, .adv_w = 165, .box_w = 10, .box_h = 11, .ofs_x = 0, .ofs_y = -1},
    {.bitmap_index = 10014, .adv_w = 174, .box_w = 9, .box_h = 12, .ofs_x = 1, .ofs_y = 0},
    {.bitmap_index = 10068, .adv_w = 174, .box_w = 9, .box_h = 12, .ofs_x = 1, .ofs_y = 0},
    {.bitmap_index = 10122, .adv_w = 174, .box_w = 9, .box_h = 12, .ofs_x = 1, .ofs_y = 0},
    {.bitmap_index = 10176, .adv_w = 174, .box_w = 9, .box_h = 12, .ofs_x = 1, .ofs_y = 0},
    {.bitmap_index = 10230, .adv_w = 148, .box_w = 11, .box_h = 15, .ofs_x = -1, .ofs_y = -3},
    {.bitmap_index = 10313, .adv_w = 176, .box_w = 10, .box_h = 15, .ofs_x = 1, .ofs_y = -3},
    {.bitmap_index = 10388, .adv_w = 148, .box_w = 11, .box_h = 15, .ofs_x = -1, .ofs_y = -3},
    {.bitmap_index = 10471, .adv_w = 192, .box_w = 14, .box_h = 15, .ofs_x = -1, .ofs_y = 0},
    {.bitmap_index = 10576, .adv_w = 155, .box_w = 9, .box_h = 12, .ofs_x = 0, .ofs_y = 0},
    {.bitmap_index = 10630, .adv_w = 192, .box_w = 14, .box_h = 15, .ofs_x = -1, .ofs_y = 0},
    {.bitmap_index = 10735, .adv_w = 155, .box_w = 9, .box_h = 12, .ofs_x = 0, .ofs_y = 0},
    {.bitmap_index = 10789, .adv_w = 192, .box_w = 14, .box_h = 17, .ofs_x = -1, .ofs_y = -5},
    {.bitmap_index = 10908, .adv_w = 155, .box_w = 9, .box_h = 14, .ofs_x = 0, .ofs_y = -5},
    {.bitmap_index = 10971, .adv_w = 184, .box_w = 12, .box_h = 15, .ofs_x = 0, .ofs_y = 0},
    {.bitmap_index = 11061, .adv_w = 149, .box_w = 9, .box_h = 12, .ofs_x = 0, .ofs_y = 0},
    {.bitmap_index = 11115, .adv_w = 184, .box_w = 12, .box_h = 15, .ofs_x = 0, .ofs_y = 0},
    {.bitmap_index = 11205, .adv_w = 149, .box_w = 9, .box_h = 12, .ofs_x = 0, .ofs_y = 0},
    {.bitmap_index = 11259, .adv_w = 184, .box_w = 12, .box_h = 16, .ofs_x = 0, .ofs_y = 0},
    {.bitmap_index = 11355, .adv_w = 149, .box_w = 9, .box_h = 13, .ofs_x = 0, .ofs_y = 0},
    {.bitmap_index = 11414, .adv_w = 184, .box_w = 12, .box_h = 15, .ofs_x = 0, .ofs_y = 0},
    {.bitmap_index = 11504, .adv_w = 149, .box_w = 9, .box_h = 12, .ofs_x = 0, .ofs_y = 0},
    {.bitmap_index = 11558, .adv_w = 211, .box_w = 12, .box_h = 15, .ofs_x = 1, .ofs_y = 0},
    {.bitmap_index = 11648, .adv_w = 176, .box_w = 13, .box_h = 13, .ofs_x = 0, .ofs_y = 0},
    {.bitmap_index = 11733, .adv_w = 214, .box_w = 13, .box_h = 12, .ofs_x = 0, .ofs_y = 0},
    {.bitmap_index = 11811, .adv_w = 176, .box_w = 11, .box_h = 12, .ofs_x = 0, .ofs_y = 0},
    {.bitmap_index = 11877, .adv_w = 172, .box_w = 9, .box_h = 15, .ofs_x = 1, .ofs_y = 0},
    {.bitmap_index = 11945, .adv_w = 159, .box_w = 10, .box_h = 12, .ofs_x = 0, .ofs_y = 0},
    {.bitmap_index = 12005, .adv_w = 172, .box_w = 9, .box_h = 15, .ofs_x = 1, .ofs_y = 0},
    {.bitmap_index = 12073, .adv_w = 159, .box_w = 10, .box_h = 12, .ofs_x = 0, .ofs_y = 0},
    {.bitmap_index = 12133, .adv_w = 172, .box_w = 9, .box_h = 15, .ofs_x = 1, .ofs_y = 0},
    {.bitmap_index = 12201, .adv_w = 159, .box_w = 10, .box_h = 13, .ofs_x = 0, .ofs_y = 0},
    {.bitmap_index = 12266, .adv_w = 172, .box_w = 10, .box_h = 17, .ofs_x = 1, .ofs_y = -5},
    {.bitmap_index = 12351, .adv_w = 159, .box_w = 10, .box_h = 14, .ofs_x = 0, .ofs_y = -5},
    {.bitmap_index = 12421, .adv_w = 172, .box_w = 9, .box_h = 15, .ofs_x = 1, .ofs_y = 0},
    {.bitmap_index = 12489, .adv_w = 159, .box_w = 10, .box_h = 12, .ofs_x = 0, .ofs_y = 0},
    {.bitmap_index = 12549, .adv_w = 198, .box_w = 12, .box_h = 15, .ofs_x = 0, .ofs_y = 0},
    {.bitmap_index = 12639, .adv_w = 178, .box_w = 10, .box_h = 15, .ofs_x = 0, .ofs_y = -3},
    {.bitmap_index = 12714, .adv_w = 198, .box_w = 12, .box_h = 15, .ofs_x = 0, .ofs_y = 0},
    {.bitmap_index = 12804, .adv_w = 178, .box_w = 10, .box_h = 15, .ofs_x = 0, .ofs_y = -3},
    {.bitmap_index = 12879, .adv_w = 198, .box_w = 12, .box_h = 16, .ofs_x = 0, .ofs_y = 0},
    {.bitmap_index = 12975, .adv_w = 178, .box_w = 10, .box_h = 16, .ofs_x = 0, .ofs_y = -3},
    {.bitmap_index = 13055, .adv_w = 198, .box_w = 12, .box_h = 17, .ofs_x = 0, .ofs_y = -5},
    {.bitmap_index = 13157, .adv_w = 178, .box_w = 10, .box_h = 17, .ofs_x = 0, .ofs_y = -3},
    {.bitmap_index = 13242, .adv_w = 207, .box_w = 11, .box_h = 15, .ofs_x = 1, .ofs_y = 0},
    {.bitmap_index = 13325, .adv_w = 175, .box_w = 11, .box_h = 16, .ofs_x = -1, .ofs_y = 0},
    {.bitmap_index = 13413, .adv_w = 213, .box_w = 14, .box_h = 12, .ofs_x = 0, .ofs_y = 0},
    {.bitmap_index = 13497, .adv_w = 179, .box_w = 10, .box_h = 12, .ofs_x = 0, .ofs_y = 0},
    {.bitmap_index = 13557, .adv_w = 82, .box_w = 7, .box_h = 16, .ofs_x = -1, .ofs_y = 0},
    {.bitmap_index = 13613, .adv_w = 74, .box_w = 6, .box_h = 12, .ofs_x = -1, .ofs_y = 0},
    {.bitmap_index = 13649, .adv_w = 82, .box_w = 5, .box_h = 15, .ofs_x = 0, .ofs_y = 0},
    {.bitmap_index = 13687, .adv_w = 74, .box_w = 5, .box_h = 12, .ofs_x = 0, .ofs_y = 0},
    {.bitmap_index = 13717, .adv_w = 82, .box_w = 7, .box_h = 15, .ofs_x = -1, .ofs_y = 0},
    {.bitmap_index = 13770, .adv_w = 74, .box_w = 6, .box_h = 12, .ofs_x = -1, .ofs_y = 0},
    {.bitmap_index = 13806, .adv_w = 82, .box_w = 4, .box_h = 17, .ofs_x = 1, .ofs_y = -5},
    {.bitmap_index = 13840, .adv_w = 74, .box_w = 4, .box_h = 18, .ofs_x = 0, .ofs_y = -5},
    {.bitmap_index = 13876, .adv_w = 82, .box_w = 3, .box_h = 15, .ofs_x = 1, .ofs_y = 0},
    {.bitmap_index = 13899, .adv_w = 74, .box_w = 3, .box_h = 9, .ofs_x = 1, .ofs_y = 0},
    {.bitmap_index = 13913, .adv_w = 185, .box_w = 10, .box_h = 12, .ofs_x = 1, .ofs_y = 0},
    {.bitmap_index = 13973, .adv_w = 150, .box_w = 8, .box_h = 16, .ofs_x = 1, .ofs_y = -3},
    {.bitmap_index = 14037, .adv_w = 135, .box_w = 9, .box_h = 15, .ofs_x = -1, .ofs_y = 0},
    {.bitmap_index = 14105, .adv_w = 76, .box_w = 8, .box_h = 15, .ofs_x = -2, .ofs_y = -3},
    {.bitmap_index = 14165, .adv_w = 187, .box_w = 11, .box_h = 17, .ofs_x = 1, .ofs_y = -5},
    {.bitmap_index = 14259, .adv_w = 163, .box_w = 10, .box_h = 17, .ofs_x = 1, .ofs_y = -5},
    {.bitmap_index = 14344, .adv_w = 163, .box_w = 10, .box_h = 9, .ofs_x = 1, .ofs_y = 0},
    {.bitmap_index = 14389, .adv_w = 153, .box_w = 9, .box_h = 15, .ofs_x = 1, .ofs_y = 0},
    {.bitmap_index = 14457, .adv_w = 74, .box_w = 6, .box_h = 16, .ofs_x = 0, .ofs_y = 0},
    {.bitmap_index = 14505, .adv_w = 153, .box_w = 9, .box_h = 17, .ofs_x = 1, .ofs_y = -5},
    {.bitmap_index = 14582, .adv_w = 74, .box_w = 3, .box_h = 17, .ofs_x = 1, .ofs_y = -5},
    {.bitmap_index = 14608, .adv_w = 153, .box_w = 9, .box_h = 12, .ofs_x = 1, .ofs_y = 0},
    {.bitmap_index = 14662, .adv_w = 74, .box_w = 6, .box_h = 13, .ofs_x = 1, .ofs_y = 0},
    {.bitmap_index = 14701, .adv_w = 153, .box_w = 9, .box_h = 12, .ofs_x = 1, .ofs_y = 0},
    {.bitmap_index = 14755, .adv_w = 108, .box_w = 6, .box_h = 12, .ofs_x = 1, .ofs_y = 0},
    {.bitmap_index = 14791, .adv_w = 156, .box_w = 11, .box_h = 12, .ofs_x = -1, .ofs_y = 0},
    {.bitmap_index = 14857, .adv_w = 79, .box_w = 7, .box_h = 12, .ofs_x = -1, .ofs_y = 0},
    {.bitmap_index = 14899, .adv_w = 207, .box_w = 11, .box_h = 15, .ofs_x = 1, .ofs_y = 0},
    {.bitmap_index = 14982, .adv_w = 175, .box_w = 9, .box_h = 12, .ofs_x = 1, .ofs_y = 0},
    {.bitmap_index = 15036, .adv_w = 207, .box_w = 11, .box_h = 17, .ofs_x = 1, .ofs_y = -5},
    {.bitmap_index = 15130, .adv_w = 175, .box_w = 9, .box_h = 14, .ofs_x = 1, .ofs_y = -5},
    {.bitmap_index = 15193, .adv_w = 207, .box_w = 11, .box_h = 15, .ofs_x = 1, .ofs_y = 0},
    {.bitmap_index = 15276, .adv_w = 175, .box_w = 9, .box_h = 12, .ofs_x = 1, .ofs_y = 0},
    {.bitmap_index = 15330, .adv_w = 193, .box_w = 12, .box_h = 12, .ofs_x = -1, .ofs_y = 0},
    {.bitmap_index = 15402, .adv_w = 207, .box_w = 11, .box_h = 15, .ofs_x = 1, .ofs_y = -3},
    {.bitmap_index = 15485, .adv_w = 175, .box_w = 9, .box_h = 12, .ofs_x = 1, .ofs_y = -3},
    {.bitmap_index = 15539, .adv_w = 216, .box_w = 13, .box_h = 16, .ofs_x = 0, .ofs_y = 0},
    {.bitmap_index = 15643, .adv_w = 165, .box_w = 10, .box_h = 12, .ofs_x = 0, .ofs_y = 0},
    {.bitmap_index = 15703, .adv_w = 216, .box_w = 13, .box_h = 15, .ofs_x = 0, .ofs_y = 0},
    {.bitmap_index = 15801, .adv_w = 165, .box_w = 10, .box_h = 12, .ofs_x = 0, .ofs_y = 0},
    {.bitmap_index = 15861, .adv_w = 216, .box_w = 13, .box_h = 15, .ofs_x = 0, .ofs_y = 0},
    {.bitmap_index = 15959, .adv_w = 165, .box_w = 10, .box_h = 12, .ofs_x = 0, .ofs_y = 0},
    {.bitmap_index = 16019, .adv_w = 290, .box_w = 18, .box_h = 12, .ofs_x = 0, .ofs_y = 0},
    {.bitmap_index = 16127, .adv_w = 273, .box_w = 17, .box_h = 9, .ofs_x = 0, .ofs_y = 0},
    {.bitmap_index = 16204, .adv_w = 187, .box_w = 11, .box_h = 15, .ofs_x = 1, .ofs_y = 0},
    {.bitmap_index = 16287, .adv_w = 108, .box_w = 6, .box_h = 12, .ofs_x = 1, .ofs_y = 0},
    {.bitmap_index = 16323, .adv_w = 187, .box_w = 11, .box_h = 17, .ofs_x = 1, .ofs_y = -5},
    {.bitmap_index = 16417, .adv_w = 108, .box_w = 6, .box_h = 14, .ofs_x = 1, .ofs_y = -5},
    {.bitmap_index = 16459, .adv_w = 187, .box_w = 11, .box_h = 15, .ofs_x = 1, .ofs_y = 0},
    {.bitmap_index = 16542, .adv_w = 108, .box_w = 7, .box_h = 12, .ofs_x = 0, .ofs_y = 0},
    {.bitmap_index = 16584, .adv_w = 161, .box_w = 10, .box_h = 15, .ofs_x = 0, .ofs_y = 0},
    {.bitmap_index = 16659, .adv_w = 132, .box_w = 8, .box_h = 12, .ofs_x = 0, .ofs_y = 0},
    {.bitmap_index = 16707, .adv_w = 161, .box_w = 10, .box_h = 15, .ofs_x = 0, .ofs_y = 0},
    {.bitmap_index = 16782, .adv_w = 132, .box_w = 8, .box_h = 12, .ofs_x = 0, .ofs_y = 0},
    {.bitmap_index = 16830, .adv_w = 161, .box_w = 10, .box_h = 16, .ofs_x = 0, .ofs_y = -4},
    {.bitmap_index = 16910, .adv_w = 132, .box_w = 8, .box_h = 14, .ofs_x = 0, .ofs_y = -5},
    {.bitmap_index = 16966, .adv_w = 161, .box_w = 10, .box_h = 15, .ofs_x = 0, .ofs_y = 0},
    {.bitmap_index = 17041, .adv_w = 132, .box_w = 8, .box_h = 12, .ofs_x = 0, .ofs_y = 0},
    {.bitmap_index = 17089, .adv_w = 154, .box_w = 10, .box_h = 17, .ofs_x = 0, .ofs_y = -5},
    {.bitmap_index = 17174, .adv_w = 109, .box_w = 7, .box_h = 16, .ofs_x = 0, .ofs_y = -5},
    {.bitmap_index = 17230, .adv_w = 154, .box_w = 10, .box_h = 15, .ofs_x = 0, .ofs_y = 0},
    {.bitmap_index = 17305, .adv_w = 109, .box_w = 7, .box_h = 13, .ofs_x = 0, .ofs_y = 0},
    {.bitmap_index = 17351, .adv_w = 154, .box_w = 10, .box_h = 12, .ofs_x = 0, .ofs_y = 0},
    {.bitmap_index = 17411, .adv_w = 109, .box_w = 7, .box_h = 11, .ofs_x = 0, .ofs_y = 0},
    {.bitmap_index = 17450, .adv_w = 202, .box_w = 11, .box_h = 16, .ofs_x = 1, .ofs_y = 0},
    {.bitmap_index = 17538, .adv_w = 174, .box_w = 9, .box_h = 12, .ofs_x = 1, .ofs_y = 0},
    {.bitmap_index = 17592, .adv_w = 202, .box_w = 11, .box_h = 16, .ofs_x = 1, .ofs_y = 0},
    {.bitmap_index = 17680, .adv_w = 174, .box_w = 9, .box_h = 12, .ofs_x = 1, .ofs_y = 0},
    {.bitmap_index = 17734, .adv_w = 202, .box_w = 11, .box_h = 15, .ofs_x = 1, .ofs_y = 0},
    {.bitmap_index = 17817, .adv_w = 174, .box_w = 9, .box_h = 12, .ofs_x = 1, .ofs_y = 0},
    {.bitmap_index = 17871, .adv_w = 202, .box_w = 11, .box_h = 16, .ofs_x = 1, .ofs_y = 0},
    {.bitmap_index = 17959, .adv_w = 174, .box_w = 9, .box_h = 14, .ofs_x = 1, .ofs_y = 0},
    {.bitmap_index = 18022, .adv_w = 202, .box_w = 11, .box_h = 15, .ofs_x = 1, .ofs_y = 0},
    {.bitmap_index = 18105, .adv_w = 174, .box_w = 9, .box_h = 12, .ofs_x = 1, .ofs_y = 0},
    {.bitmap_index = 18159, .adv_w = 202, .box_w = 11, .box_h = 16, .ofs_x = 1, .ofs_y = -4},
    {.bitmap_index = 18247, .adv_w = 174, .box_w = 9, .box_h = 14, .ofs_x = 1, .ofs_y = -5},
    {.bitmap_index = 18310, .adv_w = 293, .box_w = 18, .box_h = 15, .ofs_x = 0, .ofs_y = 0},
    {.bitmap_index = 18445, .adv_w = 235, .box_w = 15, .box_h = 12, .ofs_x = 0, .ofs_y = 0},
    {.bitmap_index = 18535, .adv_w = 169, .box_w = 12, .box_h = 15, .ofs_x = -1, .ofs_y = 0},
    {.bitmap_index = 18625, .adv_w = 148, .box_w = 11, .box_h = 15, .ofs_x = -1, .ofs_y = -3},
    {.bitmap_index = 18708, .adv_w = 169, .box_w = 12, .box_h = 15, .ofs_x = -1, .ofs_y = 0},
    {.bitmap_index = 18798, .adv_w = 170, .box_w = 11, .box_h = 15, .ofs_x = 0, .ofs_y = 0},
    {.bitmap_index = 18881, .adv_w = 136, .box_w = 8, .box_h = 12, .ofs_x = 0, .ofs_y = 0},
    {.bitmap_index = 18929, .adv_w = 170, .box_w = 11, .box_h = 15, .ofs_x = 0, .ofs_y = 0},
    {.bitmap_index = 19012, .adv_w = 136, .box_w = 8, .box_h = 13, .ofs_x = 0, .ofs_y = 0},
    {.bitmap_index = 19064, .adv_w = 170, .box_w = 11, .box_h = 15, .ofs_x = 0, .ofs_y = 0},
    {.bitmap_index = 19147, .adv_w = 136, .box_w = 8, .box_h = 12, .ofs_x = 0, .ofs_y = 0},
    {.bitmap_index = 19195, .adv_w = 84, .box_w = 7, .box_h = 12, .ofs_x = 0, .ofs_y = 0},
    {.bitmap_index = 19237, .adv_w = 86, .box_w = 5, .box_h = 4, .ofs_x = 0, .ofs_y = 3}
};

/*---------------------
 *  CHARACTER MAPPING
 *--------------------*/



/*Collect the unicode lists and glyph_id offsets*/
static const lv_font_fmt_txt_cmap_t cmaps[] =
{
    {
        .range_start = 32, .range_length = 95, .glyph_id_start = 1,
        .unicode_list = NULL, .glyph_id_ofs_list = NULL, .list_length = 0, .type = LV_FONT_FMT_TXT_CMAP_FORMAT0_TINY
    },
    {
        .range_start = 161, .range_length = 12, .glyph_id_start = 96,
        .unicode_list = NULL, .glyph_id_ofs_list = NULL, .list_length = 0, .type = LV_FONT_FMT_TXT_CMAP_FORMAT0_TINY
    },
    {
        .range_start = 174, .range_length = 210, .glyph_id_start = 108,
        .unicode_list = NULL, .glyph_id_ofs_list = NULL, .list_length = 0, .type = LV_FONT_FMT_TXT_CMAP_FORMAT0_TINY
    },
    {
        .range_start = 8226, .range_length = 1, .glyph_id_start = 318,
        .unicode_list = NULL, .glyph_id_ofs_list = NULL, .list_length = 0, .type = LV_FONT_FMT_TXT_CMAP_FORMAT0_TINY
    }
};

/*-----------------
 *    KERNING
 *----------------*/


/*Map glyph_ids to kern left classes*/
static const uint8_t kern_left_class_mapping[] =
{
    0, 0, 1, 2, 0, 3, 4, 5,
    2, 6, 0, 7, 8, 9, 8, 9,
    10, 11, 0, 12, 13, 14, 15, 16,
    17, 18, 11, 19, 19, 0, 0, 0,
    20, 21, 0, 0, 0, 0, 0, 0,
    0, 0, 0, 0, 0, 0, 0, 0,
    0, 0, 0, 0, 0, 0, 0, 0,
    0, 0, 0, 0, 22, 23, 0, 0,
    24, 0, 0, 0, 0, 0, 0, 0,
    0, 0, 0, 0, 0, 0, 0, 0,
    0, 0, 0, 0, 0, 0, 0, 0,
    0, 0, 0, 0, 22, 0, 0, 8,
    25, 26, 27, 28, 29, 0, 30, 0,
    21, 0, 31, 0, 21, 0, 32, 8,
    0, 0, 0, 33, 0, 8, 0, 0,
    0, 8, 0, 0, 0, 34, 0, 0,
    0, 0, 0, 0, 0, 0, 0, 0,
    0, 0, 0, 0, 0, 0, 0, 0,
    0, 0, 0, 0, 0, 0, 0, 0,
    0, 0, 0, 0, 0, 0, 0, 0,
    0, 0, 0, 0, 0, 0, 0, 0,
    0, 0, 0, 0, 0, 0, 0, 0,
    0, 0, 0, 0, 0, 8, 0, 0,
    0, 0, 0, 0, 0, 0, 0, 0,
    0, 0, 0, 0, 0, 0, 0, 0,
    0, 0, 0, 0, 0, 0, 0, 0,
    0, 0, 0, 0, 0, 0, 0, 0,
    0, 0, 0, 0, 0, 0, 0, 0,
    0, 0, 0, 0, 0, 0, 0, 0,
    0, 0, 0, 0, 0, 0, 0, 0,
    0, 0, 0, 0, 0, 0, 0, 0,
    0, 0, 0, 0, 0, 0, 0, 0,
    0, 0, 0, 0, 0, 0, 0, 0,
    0, 0, 0, 0, 0, 0, 0, 0,
    0, 0, 0, 0, 0, 0, 0, 0,
    0, 0, 0, 0, 0, 0, 0, 0,
    0, 0, 0, 0, 0, 0, 0, 0,
    0, 0, 0, 0, 0, 0, 0, 0,
    0, 0, 0, 0, 0, 0, 0, 0,
    0, 0, 0, 0, 0, 0, 8
};

/*Map glyph_ids to kern right classes*/
static const uint8_t kern_right_class_mapping[] =
{
    0, 0, 1, 2, 0, 3, 4, 5,
    2, 0, 6, 7, 8, 9, 8, 9,
    10, 11, 12, 13, 14, 15, 16, 11,
    17, 18, 19, 20, 20, 0, 0, 0,
    21, 22, 0, 0, 0, 0, 0, 0,
    0, 0, 0, 0, 0, 0, 0, 0,
    0, 0, 0, 0, 0, 0, 0, 0,
    0, 0, 0, 0, 23, 24, 25, 0,
    26, 0, 0, 0, 0, 0, 0, 0,
    0, 0, 0, 0, 0, 0, 0, 0,
    0, 0, 0, 0, 0, 0, 0, 0,
    0, 0, 0, 0, 0, 0, 25, 8,
    27, 28, 29, 30, 31, 0, 32, 0,
    22, 0, 8, 8, 22, 0, 33, 8,
    0, 0, 0, 34, 35, 8, 0, 0,
    0, 36, 0, 0, 0, 37, 0, 0,
    0, 0, 0, 0, 0, 0, 0, 0,
    0, 0, 0, 0, 0, 0, 0, 0,
    0, 0, 0, 0, 0, 0, 0, 0,
    0, 0, 0, 0, 0, 0, 0, 0,
    0, 0, 0, 0, 0, 0, 0, 0,
    0, 0, 0, 0, 0, 0, 0, 0,
    0, 0, 0, 0, 0, 8, 0, 0,
    0, 0, 0, 0, 0, 0, 0, 0,
    0, 0, 0, 0, 0, 0, 0, 0,
    0, 0, 0, 0, 0, 0, 0, 0,
    0, 0, 0, 0, 0, 0, 0, 0,
    0, 0, 0, 0, 0, 0, 0, 0,
    0, 0, 0, 0, 0, 0, 0, 0,
    0, 0, 0, 0, 0, 0, 0, 0,
    0, 0, 0, 0, 0, 0, 0, 0,
    0, 0, 0, 0, 0, 0, 0, 0,
    0, 0, 0, 0, 0, 0, 0, 0,
    0, 0, 0, 0, 0, 0, 0, 0,
    0, 0, 0, 0, 0, 0, 0, 0,
    0, 0, 0, 0, 0, 0, 0, 0,
    0, 0, 0, 0, 0, 0, 0, 0,
    0, 0, 0, 0, 0, 0, 0, 0,
    0, 0, 0, 0, 0, 0, 0, 0,
    0, 0, 0, 0, 0, 0, 8
};

/*Kern values between classes*/
static const int8_t kern_class_values[] =
{
    0, 0, 0, 0, 0, 0, 2, 0,
    0, 0, 0, 3, 0, 0, 0, 0,
    1, 0, 0, 0, 0, 0, 0, 0,
    0, 0, 0, 0, 0, 0, 4, 0,
    0, 0, 0, 0, 0, 0, 12, 0,
    6, -5, 0, 5, 0, -14, -15, 1,
    12, 5, 4, -10, 1, 12, 0, 10,
    3, 8, -4, 0, 15, 3, -1, 0,
    -4, 0, -5, 5, 0, 5, 0, 10,
    0, -9, 0, -8, 0, 0, 0, 0,
    -5, 4, 5, 0, 0, -3, 0, -1,
    3, 0, -3, 0, -3, -1, -5, 0,
    0, -3, 0, -5, 0, 0, 0, 0,
    0, 0, -4, 0, 0, 0, -3, 0,
    -6, 0, -31, 0, -5, -13, 5, 8,
    0, 0, -5, 3, 3, 8, 5, -4,
    5, 0, 0, -14, 0, 0, -9, 0,
    0, 0, 6, 0, 0, 0, 0, -6,
    0, 0, 0, 0, -3, -12, 0, -10,
    -1, 0, -8, 0, 0, 9, 0, -8,
    -3, 0, 0, 0, -4, 0, 0, -2,
    -18, 0, 0, -20, -3, 8, -3, 0,
    0, 0, 0, 0, -12, 0, -13, 0,
    0, 0, 0, 0, 0, 0, 0, 0,
    0, 0, 9, 0, 3, 0, 0, -5,
    0, 0, 0, 0, 0, 0, 0, 0,
    10, 3, 0, 0, 0, 0, 0, 5,
    0, 0, 0, 0, 0, 0, 2, 5,
    3, 8, -3, 0, 5, -3, -9, -35,
    1, 6, 5, 0, -3, 0, 8, 0,
    8, 0, 8, 0, 0, 0, 0, -3,
    0, -4, 0, 1, 0, 0, 8, 0,
    9, 4, -20, 0, 0, -4, -9, 0,
    0, -3, 0, -2, 0, 1, -5, -4,
    -5, 1, 0, -3, 0, 0, 0, -10,
    1, 0, -17, 0, 0, 0, 3, 0,
    1, -6, 3, 0, 0, -22, -3, 0,
    0, -14, 3, -17, 0, 0, -9, -2,
    0, 24, -3, -4, 3, 3, -1, 0,
    -4, 3, 0, 0, -14, -5, 0, -24,
    0, 3, 0, -3, 0, -3, -8, 0,
    -17, 0, -35, 0, 3, 0, 15, -5,
    0, -9, 9, 0, -18, -24, -18, -5,
    8, 0, 0, -17, 0, 3, -6, 0,
    -4, 0, -5, 0, 5, 8, -31, -17,
    -17, -3, 0, 10, -5, 12, -17, 0,
    -12, -19, 0, 1, 0, 0, 0, 0,
    1, 1, -3, -5, 0, 0, 0, -3,
    0, 0, -1, 0, 0, 0, -5, 0,
    0, -5, 0, -5, 0, 0, 0, 0,
    -3, 0, 0, 0, 0, 0, -8, 0,
    0, 0, 3, -1, 0, 0, -1, 3,
    3, 0, 0, 0, 0, -4, 0, 0,
    0, 0, 0, 0, 0, 0, -1, 0,
    8, 0, -3, 0, 0, 0, 0, 0,
    0, 0, 0, 0, 0, -3, 0, -3,
    0, 0, 0, 0, 0, 0, 0, 0,
    -1, -1, 0, -3, -3, 0, 0, 0,
    0, 0, 0, 0, 0, 0, 0, 0,
    0, 0, 0, 0, -4, 0, 0, 0,
    0, 0, -8, -1, -8, 5, 0, -5,
    3, 5, 6, 0, -6, 0, -3, 0,
    0, -12, 3, -1, 2, -14, 3, 0,
    -13, 0, 5, 0, 4, 3, 3, -3,
    6, -8, 0, -5, 0, 3, 0, 0,
    0, -3, 0, 0, -3, 0, 0, 0,
    0, 0, -1, -1, 0, -1, -3, 0,
    0, 0, 0, 0, 0, -3, 0, 0,
    0, 0, 0, 0, 0, 0, -3, 0,
    0, 0, 0, 0, -1, 0, -5, 3,
    0, -3, 1, 3, 3, 0, 0, 0,
    0, 0, 0, -1, 0, 0, 0, 0,
    0, 0, 0, 0, 0, 0, 2, 0,
    3, 0, 5, -4, 0, 0, 0, 0,
    0, 8, -1, 0, -8, 0, 6, -13,
    -13, -10, -5, 3, 0, -2, -17, -5,
    0, -5, 0, -5, 4, -5, 0, 3,
    1, -8, -6, -13, -3, -5, 4, -3,
    2, -6, 6, -4, -15, 0, 0, 0,
    -3, 0, 0, 1, 0, 3, 0, 0,
    0, 0, 0, 0, 0, 0, 0, 0,
    0, -3, 0, 0, -8, 0, 0, 0,
    0, 0, 0, -3, 3, 0, 0, 0,
    0, -5, 0, 3, 0, 0, 0, 0,
    0, 0, 0, 13, 0, 0, 0, 0,
    0, 0, 1, 0, 0, 0, -3, 0,
    0, -5, 0, 3, 0, 0, 0, 0,
    -10, 0, 0, 0, 0, 0, 0, -1,
    0, 0, 0, -4, 0, 3, 0, -13,
    -8, 0, 0, 0, -4, -13, 0, 0,
    -3, 3, 0, -10, 0, -3, 0, 0,
    -4, -1, -3, 0, 0, -4, 0, 3,
    0, 0, 3, -27, 0, -4, 0, 0,
    0, 3, 0, 1, -5, -5, 0, -3,
    -3, -3, 0, 0, 0, 0, 0, 0,
    -8, 0, 0, -5, 3, -8, 0, 0,
    0, 0, 0, 0, 3, 0, 0, 0,
    -5, 0, 3, 0, 0, 0, 3, 0,
    -2, 0, 10, 0, 5, 0, 0, -4,
    0, 5, 0, 0, 0, 3, 0, 0,
    8, 0, 8, 0, 0, 0, 0, 5,
    0, 0, 0, 0, 0, 0, 0, -15,
    0, -3, 4, 8, -35, 0, 24, 3,
    -5, -5, 3, 3, -1, 0, -13, 0,
    0, 13, -15, -5, 0, -18, 10, 36,
    10, 0, 0, 0, 0, 8, -15, 0,
    -8, 2, 8, 0, -1, 5, -6, 0,
    0, -3, 0, 3, 32, -5, -2, 8,
    6, -6, 3, 0, 0, 3, 3, -4,
    -8, 0, -33, 8, 0, 4, -6, 4,
    -1, -3, 6, 0, 0, -16, 3, 0,
    0, 0, 0, 0, 0, 0, 0, 0,
    0, 10, 0, -5, 0, 0, 0, 0,
    0, 0, 0, 0, 0, 0, 0, -14,
    0, 4, 0, 0, 0, 0, -5, 0,
    0, 0, 0, 0, 0, 0, 0, 0,
    0, -5, -6, 4, -4, 5, 0, -1,
    -6, -1, -4, -4, 0, -3, -1, -1,
    2, -4, 0, -1, -12, -2, 0, 0,
    -2, 0, 0, 0, -2, 4, 0, 0,
    0, -1, 0, 0, -3, 0, -9, 0,
    5, -8, 0, 3, -9, 4, -3, -3,
    -8, -4, 1, -8, -5, -8, 0, -3,
    0, 4, 0, 4, -6, -8, 0, 0,
    0, -3, 0, -5, 3, -4, -5, 0,
    0, 0, 0, 0, 0, 1, 1, -3,
    0, 0, 0, -2, 0, 0, 0, -3,
    0, 0, 0, 0, 0, 0, 0, 0,
    -1, 0, 0, 0, 0, 0, 0, 0,
    0, 0, 0, -1, 4, 5, 0, 0,
    0, 5, 0, -6, -8, -8, -3, 8,
    0, 3, -3, 0, 6, -3, 0, -10,
    0, 0, 0, 13, 5, -3, -5, 0,
    0, 0, 0, 0, 0, 0, 0, 0,
    -10, 0, 0, 0, 0, 0, 0, 0,
    5, 0, 5, 0, 0, 0, 0, 4,
    0, 1, 3, 0, 0, 0, 0, 0,
    0, 0, 1, 0, 1, 0, 0, 0,
    0, 0, 1, 0, 0, 0, 0, 0,
    0, 0, 0, 0, 4, -3, 0, 2,
    0, 0, 0, 0, 1, 1, 0, 0,
    0, 0, -3, 0, 0, -14, 0, 3,
    0, 0, 0, 0, 0, 0, 0, 0,
    0, 0, 1, 0, 5, 5, 6, 0,
    0, 8, 0, -17, -14, 0, 12, 8,
    4, -10, 1, 10, 0, 9, 0, 5,
    3, 0, 14, 0, 0, 0, -4, 0,
    0, 0, 0, 0, 0, 0, 0, -15,
    0, 0, -3, 0, 0, 0, 0, 0,
    0, 0, 0, -1, 0, 0, 0, 0,
    0, 0, 0, 0, 5, 0, 0, -17,
    0, 0, 0, 0, 0, 0, 0, 0,
    0, 0, 0, 0, 0, 0, -10, 0,
    -15, -4, 0, -22, -10, 0, 10, -13,
    -12, 0, 0, -12, 0, -12, -12, 0,
    0, -35, -14, 0, -23, 3, 13, 0,
    -10, 3, -4, -13, 0, -15, -3, -23,
    -3, -5
};


/*Collect the kern class' data in one place*/
static const lv_font_fmt_txt_kern_classes_t kern_classes =
{
    .class_pair_values   = kern_class_values,
    .left_class_mapping  = kern_left_class_mapping,
    .right_class_mapping = kern_right_class_mapping,
    .left_class_cnt      = 34,
    .right_class_cnt     = 37,
};

/*--------------------
 *  ALL CUSTOM DATA
 *--------------------*/

#if LVGL_VERSION_MAJOR == 8
/*Store all the custom data of the font*/
static  lv_font_fmt_txt_glyph_cache_t cache;
#endif

#if LVGL_VERSION_MAJOR >= 8
static const lv_font_fmt_txt_dsc_t font_dsc = {
#else
static lv_font_fmt_txt_dsc_t font_dsc = {
#endif
    .glyph_bitmap = glyph_bitmap,
    .glyph_dsc = glyph_dsc,
    .cmaps = cmaps,
    .kern_dsc = &kern_classes,
    .kern_scale = 16,
    .cmap_num = 4,
    .bpp = 4,
    .kern_classes = 1,
    .bitmap_format = 0,
#if LVGL_VERSION_MAJOR == 8
    .cache = &cache
#endif
};



/*-----------------
 *  PUBLIC FONT
 *----------------*/

/*Initialize a public general font descriptor*/
#if LVGL_VERSION_MAJOR >= 8
const lv_font_t font_ui_bold_16 = {
#else
lv_font_t font_ui_bold_16 = {
#endif
    .get_glyph_dsc = lv_font_get_glyph_dsc_fmt_txt,    /*Function pointer to get glyph's data*/
    .get_glyph_bitmap = lv_font_get_bitmap_fmt_txt,    /*Function pointer to get glyph's bitmap*/
    .line_height = 21,          /*The maximum line height required by the font*/
    .base_line = 5,             /*Baseline measured from the bottom of the line*/
#if !(LVGL_VERSION_MAJOR == 6 && LVGL_VERSION_MINOR == 0)
    .subpx = LV_FONT_SUBPX_NONE,
#endif
#if LV_VERSION_CHECK(7, 4, 0) || LVGL_VERSION_MAJOR >= 8
    .underline_position = -2,
    .underline_thickness = 1,
#endif
    .dsc = &font_dsc,          /*The custom font data. Will be accessed by `get_glyph_bitmap/dsc` */
#if LV_VERSION_CHECK(8, 2, 0) || LVGL_VERSION_MAJOR >= 9
    .fallback = NULL,
#endif
    .user_data = NULL,
};



#endif /*#if FONT_UI_BOLD_16*/

